Date Time,Day of Week,Street Name Cleaned,Cross Street Cleaned,Intersection_ID,Latitude,Longitude,Manner of Collision,First Harmful Event,Weather Condition 1,Weather Condition 2,Ambient Light,Road Surface Condition,Traffic Control Device Type,Traffic Control Device Functionality,Roadway Junction Type,Trafficway Description,Speed Limit,Object 1,Object 2,P1 Injury,P2 Injury,P1 Age,P2 Age,P1 Sex,P2 Sex,May involve cyclist,May Involve Pedestrian,P1 Non Motorist Desc,P2 Non Motorist Desc,Year,Month,Day,Hour,Day_of_Week_Num,Is_Weekend,Is_Rush_Hour,Season
2024-11-20 08:30:00,Wednesday,HURON AVE,,HURON AVE,42.38121,-71.13857,"SIDESWIPE, SAME DIRECTION                         ",COLLISION WITH PEDALCYCLE                         ,CLEAR                                             ,CLEAR                                             ,DAYLIGHT                                          ,DRY                                               ,NO CONTROLS                                       ,NO                                                ,NOT AT INTERSECTION                               ,"TWO-WAY, NOT DIVIDED                              ",25 ,PASSENGER CAR                                     ,,NO APPARENT INJURY                                ,NO APPARENT INJURY                                ,,,MALE                                              ,FEMALE                                            ,1.0,,,,2024,11,20,8,2,False,True,Fall
2024-11-20 08:02:00,Wednesday,MAIN STREET,,MAIN STREET,42.36251,-71.08726,ANGLE                                             ,COLLISION WITH PEDALCYCLE                         ,CLEAR                                             ,,DAYLIGHT                                          ,DRY                                               ,NO CONTROLS                                       ,,DRIVEWAY                                          ,"TWO-WAY, NOT DIVIDED                              ",25 ,PASSENGER CAR                                     ,,NO APPARENT INJURY                                ,SUSPECTED MINOR INJURY                            ,,,MALE                                              ,FEMALE                                            ,1.0,,,BICYCLIST                                         ,2024,11,20,8,2,False,True,Fall
2024-11-13 19:14:00,Wednesday,OXFORD STREET,EVERETT ST,EVERETT ST_AND_OXFORD STREET,42.38136,-71.11605,"SIDESWIPE, OPPOSITE DIRECTION                     ",COLLISION WITH PEDALCYCLE                         ,CLEAR                                             ,CLEAR                                             ,DARK - ROADWAY NOT LIGHTED                        ,DRY                                               ,TRAFFIC CONTROL SIGNAL                            ,YES                                               ,FOUR WAY INTERSECTION                             ,"TWO-WAY, NOT DIVIDED                              ",25 ,PASSENGER CAR                                     ,,NO APPARENT INJURY                                ,,,,FEMALE                                            ,MALE                                              ,1.0,,,,2024,11,13,19,2,False,False,Fall
2024-11-13 11:27:00,Wednesday,MASSACHUSETTS AVENUE,,MASSACHUSETTS AVENUE,42.39309,-71.12594,SINGLE VEHICLE CRASH                              ,COLLISION WITH PEDALCYCLE                         ,CLEAR                                             ,CLEAR                                             ,DAYLIGHT                                          ,DRY                                               ,NO CONTROLS                                       ,,NOT AT INTERSECTION                               ,"TWO-WAY, DIVIDED, POSITIVE MEDIAN BARRIER         ",25 ,PASSENGER CAR                                     ,,NO APPARENT INJURY                                ,NO APPARENT INJURY                                ,,,MALE                                              ,MALE                                              ,1.0,,,HAND CYCLIST                                      ,2024,11,13,11,2,False,False,Fall
2024-10-31 18:28:00,Thursday,MASSACHUSETTS AVENUE,WALDEN STREET,MASSACHUSETTS AVENUE_AND_WALDEN STREET,42.369333,-71.11075,"SIDESWIPE, SAME DIRECTION                         ",COLLISION WITH PEDALCYCLE                         ,CLOUDY                                            ,,DAYLIGHT                                          ,DRY                                               ,TRAFFIC CONTROL SIGNAL                            ,YES                                               ,T-INTERSECTION                                    ,"TWO-WAY, DIVIDED, POSITIVE MEDIAN BARRIER         ",25 ,PASSENGER CAR                                     ,,SUSPECTED MINOR INJURY                            ,,,,FEMALE                                            ,,1.0,,BICYCLIST                                         ,,2024,10,31,18,3,False,True,Fall
2024-10-15 16:45:00,Tuesday,ALBANY STREET,MASSACHUSETTS AVENUE,ALBANY STREET_AND_MASSACHUSETTS AVENUE,42.369333,-71.11075,REAR-END                                          ,COLLISION WITH PEDALCYCLE                         ,CLEAR                                             ,CLEAR                                             ,DAYLIGHT                                          ,DRY                                               ,TRAFFIC CONTROL SIGNAL                            ,YES                                               ,FOUR WAY INTERSECTION                             ,"TWO-WAY, NOT DIVIDED                              ",25 ,PASSENGER CAR                                     ,,NO APPARENT INJURY                                ,NO APPARENT INJURY                                ,,,MALE                                              ,FEMALE                                            ,1.0,,BICYCLIST                                         ,,2024,10,15,16,1,False,True,Fall
2024-10-10 08:21:00,Thursday,PUTNAM AVENUE,,PUTNAM AVENUE,42.36954,-71.11341,"SIDESWIPE, SAME DIRECTION                         ",COLLISION WITH PEDALCYCLE                         ,CLEAR                                             ,,DAYLIGHT                                          ,DRY                                               ,TRAFFIC CONTROL SIGNAL                            ,YES                                               ,NOT AT INTERSECTION                               ,"TWO-WAY, NOT DIVIDED                              ",25 ,PASSENGER CAR                                     ,,NO APPARENT INJURY                                ,NO APPARENT INJURY                                ,,,MALE                                              ,MALE                                              ,1.0,,,BICYCLIST                                         ,2024,10,10,8,3,False,True,Fall
2024-10-02 18:36:00,Wednesday,MASSACHUSETTS AVENUE,,MASSACHUSETTS AVENUE,42.3942,-71.12633,ANGLE                                             ,COLLISION WITH PEDALCYCLE                         ,CLEAR                                             ,,DARK - LIGHTED ROADWAY                            ,DRY                                               ,NO CONTROLS                                       ,,NOT AT INTERSECTION                               ,"TWO-WAY, DIVIDED, POSITIVE MEDIAN BARRIER         ",25 ,PASSENGER CAR                                     ,,NO APPARENT INJURY                                ,NO APPARENT INJURY                                ,,,MALE                                              ,FEMALE                                            ,1.0,,,BICYCLIST                                         ,2024,10,2,18,2,False,True,Fall
2024-10-01 09:44:00,Tuesday,MASSACHUSETTS AVENUE,CEDAR STREET,CEDAR STREET_AND_MASSACHUSETTS AVENUE,42.369333,-71.11075,ANGLE                                             ,COLLISION WITH PEDALCYCLE                         ,CLOUDY                                            ,,DAYLIGHT                                          ,DRY                                               ,TRAFFIC CONTROL SIGNAL                            ,YES                                               ,T-INTERSECTION                                    ,"TWO-WAY, DIVIDED, POSITIVE MEDIAN BARRIER         ",25 ,PASSENGER CAR                                     ,,SUSPECTED MINOR INJURY                            ,NO APPARENT INJURY                                ,,,FEMALE                                            ,MALE                                              ,1.0,,,,2024,10,1,9,1,False,True,Fall
2024-09-15 20:18:00,Sunday,MASSACHUSETTS AVENUE,,MASSACHUSETTS AVENUE,42.35937,-71.09462,"SIDESWIPE, SAME DIRECTION                         ",COLLISION WITH PEDALCYCLE                         ,CLEAR                                             ,CLEAR                                             ,DUSK                                              ,DRY                                               ,TRAFFIC CONTROL SIGNAL                            ,YES                                               ,NOT AT INTERSECTION                               ,"TWO-WAY, NOT DIVIDED                              ",25 ,PASSENGER CAR                                     ,,NO APPARENT INJURY                                ,SUSPECTED MINOR INJURY                            ,,,FEMALE                                            ,MALE                                              ,1.0,,,BICYCLIST                                         ,2024,9,15,20,6,True,False,Fall
2024-09-13 11:15:00,Friday,CAMBRIDGE STREET,,CAMBRIDGE STREET,42.37209,-71.08814,ANGLE                                             ,COLLISION WITH PEDALCYCLE                         ,CLEAR                                             ,,DAYLIGHT                                          ,DRY                                               ,NO CONTROLS                                       ,NO                                                ,NOT AT INTERSECTION                               ,"TWO-WAY, NOT DIVIDED                              ",25 ,PASSENGER CAR                                     ,,NO APPARENT INJURY                                ,SUSPECTED MINOR INJURY                            ,,,MALE                                              ,FEMALE                                            ,1.0,,,BICYCLIST                                         ,2024,9,13,11,4,False,False,Fall
2024-09-13 08:03:00,Friday,MASSACHUSETTS AVENUE,,MASSACHUSETTS AVENUE,42.39888,-71.13203,"SIDESWIPE, SAME DIRECTION                         ",COLLISION WITH PEDALCYCLE                         ,CLEAR                                             ,,DAYLIGHT                                          ,DRY                                               ,NO CONTROLS                                       ,YES                                               ,NOT AT INTERSECTION                               ,"TWO-WAY, DIVIDED, POSITIVE MEDIAN BARRIER         ",25 ,"LIGHT TRUCK(VAN, MINI VAN, PICK-UP, SPORT UTILITY)",,NO APPARENT INJURY                                ,NO APPARENT INJURY                                ,,,FEMALE                                            ,MALE                                              ,1.0,,,BICYCLIST                                         ,2024,9,13,8,4,False,True,Fall
2024-09-12 11:14:00,Thursday,MT. AUBURN STREET,,MT. AUBURN STREET,42.37443666666667,-71.134,"SIDESWIPE, SAME DIRECTION                         ",COLLISION WITH PEDALCYCLE                         ,CLEAR                                             ,CLEAR                                             ,DAYLIGHT                                          ,DRY                                               ,PEDESTRIAN CROSSING SIGNAL/BEACON                 ,YES                                               ,NOT AT INTERSECTION                               ,"ONE-WAY, NOT DIVIDED                              ",25 ,,,SUSPECTED MINOR INJURY                            ,SUSPECTED MINOR INJURY                            ,29.0,56.0,FEMALE                                            ,FEMALE                                            ,1.0,,,BICYCLIST                                         ,2024,9,12,11,3,False,False,Fall
2024-09-07 23:05:00,Saturday,VASSAR,,VASSAR,42.36131,-71.09114,HEAD ON                                           ,COLLISION WITH PEDALCYCLE                         ,CLEAR                                             ,,DARK - LIGHTED ROADWAY                            ,DRY                                               ,NO CONTROLS                                       ,YES                                               ,NOT AT INTERSECTION                               ,"TWO-WAY, NOT DIVIDED                              ",25 ,,,SUSPECTED MINOR INJURY                            ,NO APPARENT INJURY                                ,,,MALE                                              ,MALE                                              ,1.0,,BICYCLIST                                         ,MOTORIZED BICYCLIST                               ,2024,9,7,23,5,True,False,Fall
2024-09-05 16:38:00,Thursday,MASSACHUSETTS AVENUE,LEE ST,LEE ST_AND_MASSACHUSETTS AVENUE,42.369333,-71.11075,ANGLE                                             ,COLLISION WITH PEDALCYCLE                         ,CLEAR                                             ,,DAYLIGHT                                          ,DRY                                               ,NO CONTROLS                                       ,,T-INTERSECTION                                    ,"TWO-WAY, NOT DIVIDED                              ",20 ,"LIGHT TRUCK(VAN, MINI VAN, PICK-UP, SPORT UTILITY)",,NO APPARENT INJURY                                ,,,,MALE                                              ,,1.0,,,,2024,9,5,16,3,False,True,Fall
2024-09-05 07:30:00,Thursday,MASSACHUSETTS AVENUE,,MASSACHUSETTS AVENUE,42.37518,-71.11854,"SIDESWIPE, SAME DIRECTION                         ",COLLISION WITH PEDALCYCLE                         ,CLEAR                                             ,,DAYLIGHT                                          ,DRY                                               ,TRAFFIC CONTROL SIGNAL                            ,YES                                               ,NOT AT INTERSECTION                               ,"ONE-WAY, NOT DIVIDED                              ",20 ,BUS SEATS MORE THAN 15 PEOPLE                     ,,SUSPECTED MINOR INJURY                            ,,,,FEMALE                                            ,,1.0,,BICYCLIST                                         ,,2024,9,5,7,3,False,True,Fall
2024-09-02 19:00:00,Monday,CAMBRIDGE STREET,,CAMBRIDGE STREET,42.37335,-71.09781,"SIDESWIPE, SAME DIRECTION                         ",COLLISION WITH PEDALCYCLE                         ,CLEAR                                             ,,DUSK                                              ,DRY                                               ,NO CONTROLS                                       ,,NOT AT INTERSECTION                               ,"TWO-WAY, NOT DIVIDED                              ",20 ,PASSENGER CAR                                     ,,NO APPARENT INJURY                                ,SUSPECTED MINOR INJURY                            ,,,MALE                                              ,FEMALE                                            ,1.0,,,BICYCLIST                                         ,2024,9,2,19,0,False,False,Fall
2024-09-01 18:38:00,Sunday,MAIN STREET,,MAIN STREET,42.36298,-71.09823,ANGLE                                             ,COLLISION WITH PEDALCYCLE                         ,CLEAR                                             ,,DAYLIGHT                                          ,DRY                                               ,NO CONTROLS                                       ,,NOT AT INTERSECTION                               ,"TWO-WAY, NOT DIVIDED                              ",25 ,PASSENGER CAR                                     ,,UNKNOWN                                           ,SUSPECTED MINOR INJURY                            ,,,FEMALE                                            ,MALE                                              ,1.0,,,BICYCLIST                                         ,2024,9,1,18,6,True,True,Fall
2024-08-30 14:23:00,Friday,HAMPSHIRE STREET,,HAMPSHIRE STREET,42.36916,-71.09528,ANGLE                                             ,COLLISION WITH PEDALCYCLE                         ,CLEAR                                             ,,DAYLIGHT                                          ,DRY                                               ,NO CONTROLS                                       ,,NOT AT INTERSECTION                               ,"TWO-WAY, NOT DIVIDED                              ",25 ,PASSENGER CAR                                     ,,NO APPARENT INJURY                                ,SUSPECTED SERIOUS INJURY                          ,,,FEMALE                                            ,MALE                                              ,1.0,,,BICYCLIST                                         ,2024,8,30,14,4,False,False,Summer
2024-08-21 17:09:00,Wednesday,HAMPSHIRE,,HAMPSHIRE,42.37078,-71.09724,SINGLE VEHICLE CRASH                              ,COLLISION WITH PEDALCYCLE                         ,CLEAR                                             ,CLEAR                                             ,DAYLIGHT                                          ,DRY                                               ,STOP SIGNS                                        ,YES                                               ,NOT AT INTERSECTION                               ,"TWO-WAY, NOT DIVIDED                              ",25 ,PASSENGER CAR                                     ,,NO APPARENT INJURY                                ,SUSPECTED MINOR INJURY                            ,,,MALE                                              ,FEMALE                                            ,1.0,,,BICYCLIST                                         ,2024,8,21,17,2,False,True,Summer
2024-08-14 07:00:00,Wednesday,AMES ST,,AMES ST,42.3633,-71.08794,ANGLE                                             ,COLLISION WITH PEDALCYCLE                         ,CLEAR                                             ,CLEAR                                             ,DAYLIGHT                                          ,DRY                                               ,NO CONTROLS                                       ,,NOT AT INTERSECTION                               ,"TWO-WAY, NOT DIVIDED                              ",25 ,"LIGHT TRUCK(VAN, MINI VAN, PICK-UP, SPORT UTILITY)",,NO APPARENT INJURY                                ,NO APPARENT INJURY                                ,,,MALE                                              ,MALE                                              ,1.0,,,BICYCLIST                                         ,2024,8,14,7,2,False,True,Summer
2024-08-03 11:54:00,Saturday,ALEWIFE BROOK PARKWAY,,ALEWIFE BROOK PARKWAY,42.38871,-71.14199,ANGLE                                             ,COLLISION WITH PEDALCYCLE                         ,CLEAR                                             ,,DAYLIGHT                                          ,DRY                                               ,UNKNOWN                                           ,NO                                                ,NOT AT INTERSECTION                               ,"ONE-WAY, NOT DIVIDED                              ",25 ,PASSENGER CAR                                     ,,NO APPARENT INJURY                                ,NO APPARENT INJURY                                ,,,MALE                                              ,MALE                                              ,1.0,,,,2024,8,3,11,5,True,False,Summer
2024-07-25 12:05:00,Thursday,CONCORD AVENUE,,CONCORD AVENUE,42.37759,-71.12228,SINGLE VEHICLE CRASH                              ,COLLISION WITH PEDALCYCLE                         ,CLEAR                                             ,CLEAR                                             ,DAYLIGHT                                          ,DRY                                               ,YIELD SIGNS                                       ,NO                                                ,TRAFFIC CIRCLE                                    ,"ONE-WAY, NOT DIVIDED                              ",25 ,PASSENGER CAR                                     ,,NO APPARENT INJURY                                ,SUSPECTED MINOR INJURY                            ,,,MALE                                              ,MALE                                              ,1.0,,,BICYCLIST                                         ,2024,7,25,12,3,False,False,Summer
2024-07-20 18:48:00,Saturday,MASSACHUSETTS AVENUE,CHURCH ST,CHURCH ST_AND_MASSACHUSETTS AVENUE,42.369333,-71.11075,SINGLE VEHICLE CRASH                              ,COLLISION WITH PEDALCYCLE                         ,CLEAR                                             ,CLEAR                                             ,DAYLIGHT                                          ,DRY                                               ,NO CONTROLS                                       ,,T-INTERSECTION                                    ,"ONE-WAY, NOT DIVIDED                              ",20 ,PASSENGER CAR                                     ,,NO APPARENT INJURY                                ,NO APPARENT INJURY                                ,,,FEMALE                                            ,FEMALE                                            ,1.0,,,MOTORIZED SCOOTER RIDER                           ,2024,7,20,18,5,True,True,Summer
2024-07-17 12:46:00,Wednesday,PROSPECT STREET,,PROSPECT STREET,42.36786,-71.10205,"SIDESWIPE, SAME DIRECTION                         ",COLLISION WITH PEDALCYCLE                         ,CLEAR                                             ,,DAYLIGHT                                          ,DRY                                               ,NO CONTROLS                                       ,NO                                                ,DRIVEWAY                                          ,"TWO-WAY, NOT DIVIDED                              ",20 ,PASSENGER CAR                                     ,,NO APPARENT INJURY                                ,,,,FEMALE                                            ,MALE                                              ,1.0,,,,2024,7,17,12,2,False,False,Summer
2024-07-03 23:11:00,Wednesday,MASSACHUSETTS AVENUE,,MASSACHUSETTS AVENUE,42.35864,-71.0933,"SIDESWIPE, SAME DIRECTION                         ",COLLISION WITH PEDALCYCLE                         ,CLEAR                                             ,,DARK - LIGHTED ROADWAY                            ,DRY                                               ,TRAFFIC CONTROL SIGNAL                            ,YES                                               ,NOT AT INTERSECTION                               ,"TWO-WAY, DIVIDED, UNPROTECTED MEDIAN              ",25 ,PASSENGER CAR                                     ,,NO APPARENT INJURY                                ,SUSPECTED MINOR INJURY                            ,,,MALE                                              ,MALE                                              ,1.0,1.0,,PEDESTRIAN                                        ,2024,7,3,23,2,False,False,Summer
2024-07-01 12:30:00,Monday,MASSACHUSETTS AVENUE,,MASSACHUSETTS AVENUE,42.36915,-71.10939,ANGLE                                             ,COLLISION WITH PEDALCYCLE                         ,CLEAR                                             ,CLEAR                                             ,DAYLIGHT                                          ,DRY                                               ,NO CONTROLS                                       ,,NOT AT INTERSECTION                               ,"TWO-WAY, NOT DIVIDED                              ",20 ,PASSENGER CAR                                     ,,NO APPARENT INJURY                                ,NO APPARENT INJURY                                ,,,MALE                                              ,FEMALE                                            ,1.0,,,,2024,7,1,12,0,False,False,Summer
2024-06-29 12:05:00,Saturday,JFK,,JFK,42.37244,-71.12027,"SIDESWIPE, SAME DIRECTION                         ",COLLISION WITH PEDALCYCLE                         ,CLOUDY                                            ,,DAYLIGHT                                          ,DRY                                               ,NO CONTROLS                                       ,NO                                                ,NOT AT INTERSECTION                               ,"ONE-WAY, NOT DIVIDED                              ",20 ,PASSENGER CAR                                     ,,NO APPARENT INJURY                                ,NO APPARENT INJURY                                ,,,MALE                                              ,MALE                                              ,1.0,,,BICYCLIST                                         ,2024,6,29,12,5,True,False,Summer
2024-06-21 18:45:00,Friday,MASSACHUSETTS AVENUE,TROWBRIDGE STREET,MASSACHUSETTS AVENUE_AND_TROWBRIDGE STREET,42.369333,-71.11075,SINGLE VEHICLE CRASH                              ,COLLISION WITH PEDALCYCLE                         ,RAIN                                              ,,DAYLIGHT                                          ,WET                                               ,TRAFFIC CONTROL SIGNAL                            ,YES                                               ,T-INTERSECTION                                    ,"TWO-WAY, DIVIDED, UNPROTECTED MEDIAN              ",25 ,"LIGHT TRUCK(VAN, MINI VAN, PICK-UP, SPORT UTILITY)",,NO APPARENT INJURY                                ,NO APPARENT INJURY                                ,,,MALE                                              ,MALE                                              ,1.0,,,BICYCLIST                                         ,2024,6,21,18,4,False,True,Summer
2024-06-08 10:05:00,Saturday,HURON AVE,,HURON AVE,42.38123,-71.13842,ANGLE                                             ,COLLISION WITH PEDALCYCLE                         ,CLEAR                                             ,,DAYLIGHT                                          ,DRY                                               ,NO CONTROLS                                       ,YES                                               ,NOT AT INTERSECTION                               ,"TWO-WAY, NOT DIVIDED                              ",25 ,PASSENGER CAR                                     ,,NO APPARENT INJURY                                ,SUSPECTED MINOR INJURY                            ,,,MALE                                              ,FEMALE                                            ,1.0,,,BICYCLIST                                         ,2024,6,8,10,5,True,False,Summer
2024-06-07 17:15:00,Friday,MASSACHUSETTS AVENUE,,MASSACHUSETTS AVENUE,42.36043,-71.09496,"SIDESWIPE, SAME DIRECTION                         ",COLLISION WITH PEDALCYCLE                         ,CLEAR                                             ,CLEAR                                             ,DAYLIGHT                                          ,DRY                                               ,NO CONTROLS                                       ,,NOT AT INTERSECTION                               ,"TWO-WAY, NOT DIVIDED                              ",20 ,PASSENGER CAR                                     ,,NO APPARENT INJURY                                ,NO APPARENT INJURY                                ,,,FEMALE                                            ,FEMALE                                            ,1.0,,,,2024,6,7,17,4,False,True,Summer
2024-06-04 18:00:00,Tuesday,BROADWAY,,BROADWAY,42.36806,-71.0978,UNKNOWN                                           ,COLLISION WITH PEDALCYCLE                         ,CLEAR                                             ,CLEAR                                             ,DUSK                                              ,UNKNOWN                                           ,UNKNOWN                                           ,YES                                               ,NOT AT INTERSECTION                               ,"TWO-WAY, NOT DIVIDED                              ",25 ,PASSENGER CAR                                     ,,SUSPECTED MINOR INJURY                            ,NO APPARENT INJURY                                ,,,FEMALE                                            ,FEMALE                                            ,1.0,,BICYCLIST                                         ,,2024,6,4,18,1,False,True,Summer
2024-06-01 14:00:00,Saturday,CAMBRIDGE STREET,,CAMBRIDGE STREET,42.37335,-71.09781,REAR-END                                          ,COLLISION WITH PEDALCYCLE                         ,CLEAR                                             ,,DAYLIGHT                                          ,DRY                                               ,NO CONTROLS                                       ,,NOT AT INTERSECTION                               ,"TWO-WAY, DIVIDED, UNPROTECTED MEDIAN              ",25 ,"SINGLE UNIT TRUCK (2 AXLES, 6 TIRES)              ",,NO APPARENT INJURY                                ,,,,FEMALE                                            ,,1.0,,BICYCLIST                                         ,,2024,6,1,14,5,True,False,Summer
2024-05-31 10:40:00,Friday,CAMBRIDGE STREET,,CAMBRIDGE STREET,42.37279,-71.09355,"SIDESWIPE, SAME DIRECTION                         ",COLLISION WITH PEDALCYCLE                         ,CLEAR                                             ,CLEAR                                             ,DAYLIGHT                                          ,DRY                                               ,NO CONTROLS                                       ,NO                                                ,NOT AT INTERSECTION                               ,"TWO-WAY, NOT DIVIDED                              ",25 ,"LIGHT TRUCK(VAN, MINI VAN, PICK-UP, SPORT UTILITY)",,NO APPARENT INJURY                                ,SUSPECTED MINOR INJURY                            ,39.0,26.0,MALE                                              ,FEMALE                                            ,1.0,,,BICYCLIST                                         ,2024,5,31,10,4,False,False,Spring
2024-05-28 17:40:00,Tuesday,MASSACHUSETTS AVENUE,ALBANY STREET,ALBANY STREET_AND_MASSACHUSETTS AVENUE,42.369333,-71.11075,SINGLE VEHICLE CRASH                              ,COLLISION WITH PEDALCYCLE                         ,CLEAR                                             ,,DAYLIGHT                                          ,DRY                                               ,TRAFFIC CONTROL SIGNAL                            ,YES                                               ,FOUR WAY INTERSECTION                             ,"TWO-WAY, NOT DIVIDED                              ",25 ,PASSENGER CAR                                     ,,NO APPARENT INJURY                                ,SUSPECTED MINOR INJURY                            ,,,FEMALE                                            ,MALE                                              ,1.0,,,BICYCLIST                                         ,2024,5,28,17,1,False,True,Spring
2024-05-28 15:30:00,Tuesday,MASSACHUSETTS AVENUE,,MASSACHUSETTS AVENUE,42.39164,-71.12368,REAR-END                                          ,COLLISION WITH PEDALCYCLE                         ,CLEAR                                             ,,DAYLIGHT                                          ,DRY                                               ,NO CONTROLS                                       ,,NOT AT INTERSECTION                               ,"TWO-WAY, DIVIDED, POSITIVE MEDIAN BARRIER         ",25 ,PASSENGER CAR                                     ,,NO APPARENT INJURY                                ,NO APPARENT INJURY                                ,,,FEMALE                                            ,MALE                                              ,1.0,,,BICYCLIST                                         ,2024,5,28,15,1,False,False,Spring
2024-05-26 12:56:00,Sunday,PERRY STREET,,PERRY STREET,42.36181,-71.10631,SINGLE VEHICLE CRASH                              ,COLLISION WITH PEDALCYCLE                         ,CLEAR                                             ,CLEAR                                             ,DAYLIGHT                                          ,DRY                                               ,NO CONTROLS                                       ,YES                                               ,NOT AT INTERSECTION                               ,"ONE-WAY, NOT DIVIDED                              ",20 ,PASSENGER CAR                                     ,,NO APPARENT INJURY                                ,,,,MALE                                              ,FEMALE                                            ,1.0,,,,2024,5,26,12,6,True,False,Spring
2024-05-25 09:25:00,Saturday,MASSACHUSETTS AVENUE,AMHERST STREET,AMHERST STREET_AND_MASSACHUSETTS AVENUE,42.369333,-71.11075,"SIDESWIPE, SAME DIRECTION                         ",COLLISION WITH PEDALCYCLE                         ,CLEAR                                             ,,DAYLIGHT                                          ,DRY                                               ,NO CONTROLS                                       ,,T-INTERSECTION                                    ,"TWO-WAY, DIVIDED, UNPROTECTED MEDIAN              ",25 ,PASSENGER CAR                                     ,,,NO APPARENT INJURY                                ,,,MALE                                              ,MALE                                              ,1.0,,,BICYCLIST                                         ,2024,5,25,9,5,True,True,Spring
2024-05-23 08:05:00,Thursday,MASSACHUSETTS AVENUE,PEARL STREET,MASSACHUSETTS AVENUE_AND_PEARL STREET,42.369333,-71.11075,HEAD ON                                           ,COLLISION WITH PEDALCYCLE                         ,CLEAR                                             ,CLEAR                                             ,DAYLIGHT                                          ,DRY                                               ,NO CONTROLS                                       ,,T-INTERSECTION                                    ,"TWO-WAY, NOT DIVIDED                              ",25 ,PASSENGER CAR                                     ,,NO APPARENT INJURY                                ,SUSPECTED MINOR INJURY                            ,,,FEMALE                                            ,MALE                                              ,1.0,,,BICYCLIST                                         ,2024,5,23,8,3,False,True,Spring
2024-05-17 10:17:00,Friday,PROSPECT STREET,,PROSPECT STREET,42.36947,-71.10093,"SIDESWIPE, SAME DIRECTION                         ",COLLISION WITH PEDALCYCLE                         ,CLEAR                                             ,,DAYLIGHT                                          ,DRY                                               ,TRAFFIC CONTROL SIGNAL                            ,YES                                               ,NOT AT INTERSECTION                               ,"TWO-WAY, NOT DIVIDED                              ",25 ,PASSENGER CAR                                     ,,NO APPARENT INJURY                                ,NO APPARENT INJURY                                ,,,FEMALE                                            ,FEMALE                                            ,1.0,,,BICYCLIST                                         ,2024,5,17,10,4,False,False,Spring
2024-05-08 07:54:00,Wednesday,MASSACHUSETTS AVENUE,,MASSACHUSETTS AVENUE,42.37544081818183,-71.11253827272726,ANGLE                                             ,COLLISION WITH PEDALCYCLE                         ,CLEAR                                             ,,DAYLIGHT                                          ,DRY                                               ,NO CONTROLS                                       ,NO                                                ,NOT AT INTERSECTION                               ,"TWO-WAY, NOT DIVIDED                              ",25 ,PASSENGER CAR                                     ,,NO APPARENT INJURY                                ,SUSPECTED MINOR INJURY                            ,,,FEMALE                                            ,MALE                                              ,1.0,,,BICYCLIST                                         ,2024,5,8,7,2,False,True,Spring