Date Time,Day of Week,Street Name Cleaned,Cross Street Cleaned,Intersection_ID,Latitude,Longitude,Manner of Collision,First Harmful Event,Weather Condition 1,Weather Condition 2,Ambient Light,Road Surface Condition,Traffic Control Device Type,Traffic Control Device Functionality,Roadway Junction Type,Trafficway Description,Speed Limit,Object 1,Object 2,P1 Injury,P2 Injury,P1 Age,P2 Age,P1 Sex,P2 Sex,May involve cyclist,May Involve Pedestrian,P1 Non Motorist Desc,P2 Non Motorist Desc,Year,Month,Day,Hour,Day_of_Week_Num,Is_Weekend,Is_Rush_Hour,Season
2024-05-01 18:13:00,Wednesday,MASSACHUSETTS AVENUE,,MASSACHUSETTS AVENUE,42.35864,-71.0933,SINGLE VEHICLE CRASH                              ,COLLISION WITH PEDALCYCLE                         ,CLEAR                                             ,,DAYLIGHT                                          ,DRY                                               ,NO CONTROLS                                       ,,NOT AT INTERSECTION                               ,"TWO-WAY, DIVIDED, UNPROTECTED MEDIAN              ",25 ,PASSENGER CAR                                     ,,NO APPARENT INJURY                                ,NO APPARENT INJURY                                ,,,MALE                                              ,MALE                                              ,1.0,,,,2024,5,1,18,2,False,True,Spring
2024-04-26 17:00:00,Friday,VASSAR ST,,VASSAR ST,42.35742,-71.10036,ANGLE                                             ,COLLISION WITH PEDALCYCLE                         ,UNKNOWN                                           ,UNKNOWN                                           ,DAYLIGHT                                          ,UNKNOWN                                           ,NO CONTROLS                                       ,,NOT AT INTERSECTION                               ,"TWO-WAY, DIVIDED, UNPROTECTED MEDIAN              ",25 ,PASSENGER CAR                                     ,,SUSPECTED MINOR INJURY                            ,NO APPARENT INJURY                                ,,,FEMALE                                            ,FEMALE                                            ,1.0,,BICYCLIST                                         ,,2024,4,26,17,4,False,True,Spring
2024-04-24 17:46:00,Wednesday,CAMBRIDGE STREET,,CAMBRIDGE STREET,42.3723,-71.08619,"SIDESWIPE, SAME DIRECTION                         ",COLLISION WITH PEDALCYCLE                         ,CLOUDY                                            ,,DAYLIGHT                                          ,DRY                                               ,NO CONTROLS                                       ,,T-INTERSECTION                                    ,"TWO-WAY, NOT DIVIDED                              ",25 ,PASSENGER CAR                                     ,,NOT APPLICABLE                                    ,,,,MALE                                              ,MALE                                              ,1.0,,,,2024,4,24,17,2,False,True,Spring
2024-04-22 20:31:00,Monday,MASSACHUSETTS AVENUE,CEDAR STREET,CEDAR STREET_AND_MASSACHUSETTS AVENUE,42.369333,-71.11075,REAR-END                                          ,COLLISION WITH PEDALCYCLE                         ,CLEAR                                             ,,DAYLIGHT                                          ,DRY                                               ,TRAFFIC CONTROL SIGNAL                            ,YES                                               ,T-INTERSECTION                                    ,"TWO-WAY, DIVIDED, POSITIVE MEDIAN BARRIER         ",25 ,"LIGHT TRUCK(VAN, MINI VAN, PICK-UP, SPORT UTILITY)",,NO APPARENT INJURY                                ,POSSIBLE INJURY                                   ,,,MALE                                              ,FEMALE                                            ,1.0,,,BICYCLIST                                         ,2024,4,22,20,0,False,False,Spring
2024-04-18 17:05:00,Thursday,JFK ST,,JFK ST,42.37186,-71.12075,"SIDESWIPE, SAME DIRECTION                         ",COLLISION WITH PEDALCYCLE                         ,RAIN                                              ,CLOUDY                                            ,DAYLIGHT                                          ,WET                                               ,NO CONTROLS                                       ,,NOT AT INTERSECTION                               ,"ONE-WAY, NOT DIVIDED                              ",25 ,PASSENGER CAR                                     ,PASSENGER CAR                                     ,,SUSPECTED MINOR INJURY                            ,,,MALE                                              ,MALE                                              ,1.0,,,BICYCLIST                                         ,2024,4,18,17,3,False,True,Spring
2024-04-16 07:42:00,Tuesday,MASSACHUSETTS AVENUE,,MASSACHUSETTS AVENUE,42.38777,-71.11925,SINGLE VEHICLE CRASH                              ,COLLISION WITH PEDALCYCLE                         ,CLEAR                                             ,,DAYLIGHT                                          ,DRY                                               ,NO CONTROLS                                       ,,NOT AT INTERSECTION                               ,"TWO-WAY, DIVIDED, POSITIVE MEDIAN BARRIER         ",25 ,"LIGHT TRUCK(VAN, MINI VAN, PICK-UP, SPORT UTILITY)",,,NO APPARENT INJURY                                ,,,,MALE                                              ,1.0,,,,2024,4,16,7,1,False,True,Spring
2024-04-15 15:20:00,Monday,MASSACHUSETTS AVENUE,,MASSACHUSETTS AVENUE,42.40028,-71.13455,"SIDESWIPE, SAME DIRECTION                         ",COLLISION WITH PEDALCYCLE                         ,CLEAR                                             ,,DAYLIGHT                                          ,DRY                                               ,NO CONTROLS                                       ,YES                                               ,NOT AT INTERSECTION                               ,"TWO-WAY, DIVIDED, POSITIVE MEDIAN BARRIER         ",25 ,PASSENGER CAR                                     ,,NO APPARENT INJURY                                ,UNKNOWN                                           ,,,MALE                                              ,MALE                                              ,1.0,1.0,BICYCLIST                                         ,,2024,4,15,15,0,False,False,Spring
2024-03-30 15:07:00,Saturday,MASSACHUSETTS AVENUE,,MASSACHUSETTS AVENUE,42.36649,-71.10554,UNKNOWN                                           ,COLLISION WITH PEDALCYCLE                         ,CLEAR                                             ,,DAYLIGHT                                          ,DRY                                               ,TRAFFIC CONTROL SIGNAL                            ,YES                                               ,NOT AT INTERSECTION                               ,"TWO-WAY, DIVIDED, UNPROTECTED MEDIAN              ",25 ,,,SUSPECTED MINOR INJURY                            ,NO APPARENT INJURY                                ,,,FEMALE                                            ,MALE                                              ,1.0,,BICYCLIST                                         ,BICYCLIST                                         ,2024,3,30,15,5,True,False,Spring
2024-03-26 09:07:00,Tuesday,CAMBRIDGE STREET,,CAMBRIDGE STREET,42.37206,-71.08791,SINGLE VEHICLE CRASH                              ,COLLISION WITH PEDALCYCLE                         ,RAIN                                              ,,DAYLIGHT                                          ,WET                                               ,NO CONTROLS                                       ,,NOT AT INTERSECTION                               ,"TWO-WAY, NOT DIVIDED                              ",25 ,PASSENGER CAR                                     ,,NO APPARENT INJURY                                ,SUSPECTED MINOR INJURY                            ,,,MALE                                              ,MALE                                              ,1.0,,,BICYCLIST                                         ,2024,3,26,9,1,False,True,Spring
2024-03-08 14:26:00,Friday,MASSACHUSETTS AVENUE,,MASSACHUSETTS AVENUE,42.38211,-71.11967,"SIDESWIPE, SAME DIRECTION                         ",COLLISION WITH PEDALCYCLE                         ,CLEAR                                             ,,DAYLIGHT                                          ,DRY                                               ,NO CONTROLS                                       ,NO                                                ,NOT AT INTERSECTION                               ,"TWO-WAY, DIVIDED, UNPROTECTED MEDIAN              ",25 ,PASSENGER CAR                                     ,,NO APPARENT INJURY                                ,SUSPECTED MINOR INJURY                            ,,,MALE                                              ,MALE                                              ,1.0,,,BICYCLIST                                         ,2024,3,8,14,4,False,False,Spring
2024-03-06 19:37:00,Wednesday,MASSACHUSETTS,,MASSACHUSETTS,42.36915,-71.10939,UNKNOWN                                           ,COLLISION WITH PEDALCYCLE                         ,RAIN                                              ,,DARK - LIGHTED ROADWAY                            ,WET                                               ,TRAFFIC CONTROL SIGNAL                            ,YES                                               ,NOT AT INTERSECTION                               ,"TWO-WAY, NOT DIVIDED                              ",25 ,PASSENGER CAR                                     ,,NO APPARENT INJURY                                ,NO APPARENT INJURY                                ,,,MALE                                              ,FEMALE                                            ,1.0,,,,2024,3,6,19,2,False,False,Spring
2024-01-31 16:19:00,Wednesday,KIRKLAND,,KIRKLAND,42.37786,-71.10836,ANGLE                                             ,COLLISION WITH PEDALCYCLE                         ,CLEAR                                             ,,DAYLIGHT                                          ,DRY                                               ,NO CONTROLS                                       ,,NOT AT INTERSECTION                               ,"TWO-WAY, NOT DIVIDED                              ",20 ,PASSENGER CAR                                     ,,NO APPARENT INJURY                                ,NO APPARENT INJURY                                ,,,MALE                                              ,MALE                                              ,1.0,,,BICYCLIST                                         ,2024,1,31,16,2,False,True,Winter
2024-01-24 12:23:00,Wednesday,MASSACHUSETTS AVENUE,PUTNAM AVE,MASSACHUSETTS AVENUE_AND_PUTNAM AVE,42.369333,-71.11075,HEAD ON                                           ,COLLISION WITH PEDALCYCLE                         ,CLOUDY                                            ,,DAYLIGHT                                          ,WET                                               ,TRAFFIC CONTROL SIGNAL                            ,YES                                               ,FOUR WAY INTERSECTION                             ,UNKNOWN                                           ,25 ,PASSENGER CAR                                     ,,NO APPARENT INJURY                                ,NO APPARENT INJURY                                ,,,,MALE                                              ,1.0,,BICYCLIST                                         ,,2024,1,24,12,2,False,False,Winter
2024-01-03 08:45:00,Wednesday,CAMBRIDGE STREET,,CAMBRIDGE STREET,42.37294,-71.09469,ANGLE                                             ,COLLISION WITH PEDALCYCLE                         ,CLEAR                                             ,,DAYLIGHT                                          ,DRY                                               ,NO CONTROLS                                       ,,NOT AT INTERSECTION                               ,"TWO-WAY, NOT DIVIDED                              ",25 ,PASSENGER CAR                                     ,,NO APPARENT INJURY                                ,,,,MALE                                              ,,1.0,,,,2024,1,3,8,2,False,True,Winter
2023-12-07 11:40:00,Thursday,MASSACHUSETTS AVENUE,,MASSACHUSETTS AVENUE,42.37417,-71.11884,"SIDESWIPE, SAME DIRECTION                         ",COLLISION WITH PEDALCYCLE                         ,CLEAR                                             ,,DAYLIGHT                                          ,DRY                                               ,NO CONTROLS                                       ,,NOT AT INTERSECTION                               ,"TWO-WAY, NOT DIVIDED                              ",25 ,PASSENGER CAR                                     ,,NO APPARENT INJURY                                ,SUSPECTED MINOR INJURY                            ,,,MALE                                              ,MALE                                              ,1.0,,,CYCLIST                                           ,2023,12,7,11,3,False,False,Winter
2023-12-06 10:17:00,Wednesday,MASSACHUSETTS AVENUE,,MASSACHUSETTS AVENUE,42.36858,-71.10918,SINGLE VEHICLE CRASH                              ,COLLISION WITH PEDALCYCLE                         ,CLOUDY                                            ,,DAYLIGHT                                          ,WET                                               ,NO CONTROLS                                       ,YES                                               ,NOT AT INTERSECTION                               ,"TWO-WAY, NOT DIVIDED                              ",25 ,PASSENGER CAR                                     ,,NO APPARENT INJURY                                ,NO APPARENT INJURY                                ,,,MALE                                              ,MALE                                              ,1.0,,,CYCLIST                                           ,2023,12,6,10,2,False,False,Winter
2023-11-14 05:20:00,Tuesday,VASSAR STREET,,VASSAR STREET,42.35681,-71.10159,HEAD ON                                           ,COLLISION WITH PEDALCYCLE                         ,CLEAR                                             ,CLEAR                                             ,DARK - LIGHTED ROADWAY                            ,DRY                                               ,NO CONTROLS                                       ,,NOT AT INTERSECTION                               ,"TWO-WAY, NOT DIVIDED                              ",20 ,PASSENGER CAR                                     ,,POSSIBLE INJURY                                   ,NO APPARENT INJURY                                ,,,MALE                                              ,MALE                                              ,1.0,,CYCLIST                                           ,,2023,11,14,5,1,False,False,Fall
2023-11-06 23:32:00,Monday,SIDNEY ST,MASSACHUSETTS AVENUE,MASSACHUSETTS AVENUE_AND_SIDNEY ST,42.369333,-71.11075,SINGLE VEHICLE CRASH                              ,COLLISION WITH PEDALCYCLE                         ,CLEAR                                             ,,DARK - LIGHTED ROADWAY                            ,DRY                                               ,TRAFFIC CONTROL SIGNAL                            ,YES                                               ,FOUR WAY INTERSECTION                             ,"TWO-WAY, NOT DIVIDED                              ",25 ,PASSENGER CAR                                     ,,NO APPARENT INJURY                                ,SUSPECTED MINOR INJURY                            ,,,MALE                                              ,MALE                                              ,1.0,,,CYCLIST                                           ,2023,11,6,23,0,False,False,Fall
2023-10-31 13:00:00,Tuesday,MAIN STREET,,MAIN STREET,42.36236,-71.08519,"SIDESWIPE, SAME DIRECTION                         ",COLLISION WITH PEDALCYCLE                         ,CLEAR                                             ,,DAYLIGHT                                          ,DRY                                               ,NO CONTROLS                                       ,,NOT AT INTERSECTION                               ,"ONE-WAY, NOT DIVIDED                              ",25 ,"LIGHT TRUCK(VAN, MINI VAN, PICK-UP, SPORT UTILITY)",,NO APPARENT INJURY                                ,,,,MALE                                              ,FEMALE                                            ,1.0,,,,2023,10,31,13,1,False,False,Fall
2023-10-31 11:06:00,Tuesday,MUSEUM WAY,,MUSEUM WAY,42.37012,-71.07156,ANGLE                                             ,COLLISION WITH PEDALCYCLE                         ,CLEAR                                             ,,DAYLIGHT                                          ,DRY                                               ,NO CONTROLS                                       ,,DRIVEWAY                                          ,"TWO-WAY, NOT DIVIDED                              ",25 ,PASSENGER CAR                                     ,,NO APPARENT INJURY                                ,SUSPECTED MINOR INJURY                            ,,,FEMALE                                            ,FEMALE                                            ,1.0,,,CYCLIST                                           ,2023,10,31,11,1,False,False,Fall
2023-10-27 16:17:00,Friday,MASSACHUSETTS AVENUE,,MASSACHUSETTS AVENUE,42.37544081818183,-71.11253827272726,ANGLE                                             ,COLLISION WITH PEDALCYCLE                         ,CLEAR                                             ,CLEAR                                             ,DAYLIGHT                                          ,DRY                                               ,TRAFFIC CONTROL SIGNAL                            ,YES                                               ,T-INTERSECTION                                    ,"TWO-WAY, NOT DIVIDED                              ",UNK,"LIGHT TRUCK(VAN, MINI VAN, PICK-UP, SPORT UTILITY)",,NO APPARENT INJURY                                ,SUSPECTED MINOR INJURY                            ,40.0,24.0,MALE                                              ,MALE                                              ,1.0,,,CYCLIST                                           ,2023,10,27,16,4,False,True,Fall
2023-10-27 11:17:00,Friday,PROSPECT STREET,,PROSPECT STREET,42.37262,-71.09902,"SIDESWIPE, SAME DIRECTION                         ",COLLISION WITH PEDALCYCLE                         ,CLEAR                                             ,,DAYLIGHT                                          ,UNKNOWN                                           ,NO CONTROLS                                       ,YES                                               ,NOT AT INTERSECTION                               ,"TWO-WAY, NOT DIVIDED                              ",25 ,"LIGHT TRUCK(VAN, MINI VAN, PICK-UP, SPORT UTILITY)",,UNKNOWN                                           ,SUSPECTED MINOR INJURY                            ,,,FEMALE                                            ,MALE                                              ,1.0,,,,2023,10,27,11,4,False,False,Fall
2023-10-25 08:07:00,Wednesday,HAMPSHIRE STREET,,HAMPSHIRE STREET,42.367,-71.09264,ANGLE                                             ,COLLISION WITH PEDALCYCLE                         ,CLEAR                                             ,,DAYLIGHT                                          ,DRY                                               ,NO CONTROLS                                       ,,NOT AT INTERSECTION                               ,"TWO-WAY, NOT DIVIDED                              ",25 ,PASSENGER CAR                                     ,,NO APPARENT INJURY                                ,,,,MALE                                              ,FEMALE                                            ,1.0,,,,2023,10,25,8,2,False,True,Fall
2023-10-24 14:58:00,Tuesday,PROSPECT STREET,,PROSPECT STREET,42.37117,-71.09972,"SIDESWIPE, SAME DIRECTION                         ",COLLISION WITH PEDALCYCLE                         ,CLEAR                                             ,,DAYLIGHT                                          ,DRY                                               ,STOP SIGNS                                        ,NO                                                ,NOT AT INTERSECTION                               ,"TWO-WAY, NOT DIVIDED                              ",25 ,,,NO APPARENT INJURY                                ,SUSPECTED MINOR INJURY                            ,,,MALE                                              ,MALE                                              ,1.0,,,,2023,10,24,14,1,False,False,Fall
2023-10-23 12:58:00,Monday,AMHERST ALLEY,,AMHERST ALLEY,42.35576,-71.09973,HEAD ON                                           ,COLLISION WITH PEDALCYCLE                         ,CLEAR                                             ,,DAYLIGHT                                          ,DRY                                               ,WARNING SIGNS                                     ,YES                                               ,NOT AT INTERSECTION                               ,"ONE-WAY, NOT DIVIDED                              ",25 ,,,SUSPECTED SERIOUS INJURY                          ,SUSPECTED MINOR INJURY                            ,,,FEMALE                                            ,MALE                                              ,1.0,,OTHER NON MOTORIST                                ,CYCLIST                                           ,2023,10,23,12,0,False,False,Fall
2023-10-22 13:25:00,Sunday,MASSACHUSETTS AVENUE,CHURCH STREET,CHURCH STREET_AND_MASSACHUSETTS AVENUE,42.369333,-71.11075,UNKNOWN                                           ,COLLISION WITH PEDALCYCLE                         ,CLEAR                                             ,,DAYLIGHT                                          ,DRY                                               ,NO CONTROLS                                       ,YES                                               ,T-INTERSECTION                                    ,"TWO-WAY, DIVIDED, UNPROTECTED MEDIAN              ",20 ,,,,NO APPARENT INJURY                                ,,,,FEMALE                                            ,1.0,,,CYCLIST                                           ,2023,10,22,13,6,True,False,Fall
2023-10-20 18:12:00,Friday,MASSACHUSETTS AVENUE,RINDGE AVE,MASSACHUSETTS AVENUE_AND_RINDGE AVE,42.369333,-71.11075,"SIDESWIPE, SAME DIRECTION                         ",COLLISION WITH PEDALCYCLE                         ,CLEAR                                             ,,DAYLIGHT                                          ,DRY                                               ,TRAFFIC CONTROL SIGNAL                            ,YES                                               ,T-INTERSECTION                                    ,"TWO-WAY, DIVIDED, POSITIVE MEDIAN BARRIER         ",25 ,PASSENGER CAR                                     ,,SUSPECTED MINOR INJURY                            ,NO APPARENT INJURY                                ,,,MALE                                              ,MALE                                              ,1.0,,CYCLIST                                           ,,2023,10,20,18,4,False,True,Fall
2023-10-17 08:57:00,Tuesday,MASSACHUSETTS AVENUE,PEARL STREET,MASSACHUSETTS AVENUE_AND_PEARL STREET,42.369333,-71.11075,ANGLE                                             ,COLLISION WITH PEDALCYCLE                         ,CLEAR                                             ,,DAYLIGHT                                          ,DRY                                               ,NO CONTROLS                                       ,YES                                               ,T-INTERSECTION                                    ,"TWO-WAY, NOT DIVIDED                              ",20 ,PASSENGER CAR                                     ,,NO APPARENT INJURY                                ,NO APPARENT INJURY                                ,33.0,62.0,FEMALE                                            ,FEMALE                                            ,1.0,,,CYCLIST                                           ,2023,10,17,8,1,False,True,Fall
2023-10-14 22:40:00,Saturday,OXFORD STREET,,OXFORD STREET,42.3787,-71.11687,"SIDESWIPE, SAME DIRECTION                         ",COLLISION WITH PEDALCYCLE                         ,CLEAR                                             ,,DAYLIGHT                                          ,DRY                                               ,NO CONTROLS                                       ,,NOT AT INTERSECTION                               ,"TWO-WAY, NOT DIVIDED                              ",25 ,PASSENGER CAR                                     ,,NO APPARENT INJURY                                ,UNKNOWN                                           ,,,UNKNOWN                                           ,UNKNOWN                                           ,1.0,,,CYCLIST                                           ,2023,10,14,22,5,True,False,Fall
2023-10-12 15:31:00,Thursday,JOHN F KENNEDY ST,,JOHN F KENNEDY ST,42.37198,-71.12065,UNKNOWN                                           ,COLLISION WITH PEDALCYCLE                         ,CLEAR                                             ,,DAYLIGHT                                          ,DRY                                               ,NO CONTROLS                                       ,YES                                               ,NOT AT INTERSECTION                               ,"ONE-WAY, NOT DIVIDED                              ",25 ,PASSENGER CAR                                     ,,NO APPARENT INJURY                                ,NO APPARENT INJURY                                ,,,MALE                                              ,MALE                                              ,1.0,1.0,CYCLIST                                           ,,2023,10,12,15,3,False,False,Fall
2023-10-01 12:45:00,Sunday,WESTERN AVE,,WESTERN AVE,42.36517,-71.10561,"SIDESWIPE, SAME DIRECTION                         ",COLLISION WITH PEDALCYCLE                         ,UNKNOWN                                           ,UNKNOWN                                           ,DAYLIGHT                                          ,UNKNOWN                                           ,NO CONTROLS                                       ,NO                                                ,NOT AT INTERSECTION                               ,"ONE-WAY, NOT DIVIDED                              ",25 ,PASSENGER CAR                                     ,,NO APPARENT INJURY                                ,,,,FEMALE                                            ,,1.0,1.0,,,2023,10,1,12,6,True,False,Fall
2023-09-28 21:56:00,Thursday,CAMBRIDGE STREET,,CAMBRIDGE STREET,42.37230041666667,-71.08960208333333,SINGLE VEHICLE CRASH                              ,COLLISION WITH PEDALCYCLE                         ,CLEAR                                             ,CLEAR                                             ,DARK - LIGHTED ROADWAY                            ,DRY                                               ,NO CONTROLS                                       ,YES                                               ,NOT AT INTERSECTION                               ,"TWO-WAY, NOT DIVIDED                              ",25 ,PASSENGER CAR                                     ,,NO APPARENT INJURY                                ,NO APPARENT INJURY                                ,,,MALE                                              ,MALE                                              ,1.0,,,CYCLIST                                           ,2023,9,28,21,3,False,False,Fall
2023-09-22 19:03:00,Friday,CONCORD AVENUE,,CONCORD AVENUE,42.38323,-71.13272,"SIDESWIPE, SAME DIRECTION                         ",COLLISION WITH PEDALCYCLE                         ,CLEAR                                             ,,DAYLIGHT                                          ,DRY                                               ,NO CONTROLS                                       ,NO                                                ,NOT AT INTERSECTION                               ,"TWO-WAY, NOT DIVIDED                              ",25 ,PASSENGER CAR                                     ,,NO APPARENT INJURY                                ,SUSPECTED MINOR INJURY                            ,,,MALE                                              ,MALE                                              ,1.0,,,CYCLIST                                           ,2023,9,22,19,4,False,False,Fall
2023-09-19 14:00:00,Tuesday,MASSACHUSETTS AVENUE,,MASSACHUSETTS AVENUE,42.36363,-71.10071,ANGLE                                             ,COLLISION WITH PEDALCYCLE                         ,CLEAR                                             ,,DAYLIGHT                                          ,DRY                                               ,NO CONTROLS                                       ,,NOT AT INTERSECTION                               ,"TWO-WAY, DIVIDED, UNPROTECTED MEDIAN              ",25 ,"LIGHT TRUCK(VAN, MINI VAN, PICK-UP, SPORT UTILITY)",,NO APPARENT INJURY                                ,SUSPECTED MINOR INJURY                            ,,,FEMALE                                            ,FEMALE                                            ,1.0,,,CYCLIST                                           ,2023,9,19,14,1,False,False,Fall
2023-09-15 15:45:00,Friday,MASSACHUSETTS AVENUE,WALDEN STREET,MASSACHUSETTS AVENUE_AND_WALDEN STREET,42.369333,-71.11075,SINGLE VEHICLE CRASH                              ,COLLISION WITH PEDALCYCLE                         ,CLEAR                                             ,CLEAR                                             ,DAYLIGHT                                          ,DRY                                               ,TRAFFIC CONTROL SIGNAL                            ,YES                                               ,T-INTERSECTION                                    ,"TWO-WAY, DIVIDED, POSITIVE MEDIAN BARRIER         ",20 ,PASSENGER CAR                                     ,,NO APPARENT INJURY                                ,SUSPECTED MINOR INJURY                            ,,,MALE                                              ,MALE                                              ,1.0,,,CYCLIST                                           ,2023,9,15,15,4,False,False,Fall
2023-09-08 12:53:00,Friday,MASSACHUSETTS AVENUE,,MASSACHUSETTS AVENUE,42.36363,-71.10071,ANGLE                                             ,COLLISION WITH PEDALCYCLE                         ,CLEAR                                             ,,DAYLIGHT                                          ,DRY                                               ,NO CONTROLS                                       ,,NOT AT INTERSECTION                               ,"TWO-WAY, NOT DIVIDED                              ",25 ,PASSENGER CAR                                     ,,NO APPARENT INJURY                                ,NO APPARENT INJURY                                ,,,MALE                                              ,FEMALE                                            ,1.0,,,,2023,9,8,12,4,False,False,Fall
2023-09-08 09:21:00,Friday,HURON AVE,,HURON AVE,42.37894,-71.14859,"SIDESWIPE, SAME DIRECTION                         ",COLLISION WITH PEDALCYCLE                         ,CLEAR                                             ,,DAYLIGHT                                          ,DRY                                               ,NO CONTROLS                                       ,,NOT AT INTERSECTION                               ,"TWO-WAY, NOT DIVIDED                              ",25 ,"LIGHT TRUCK(VAN, MINI VAN, PICK-UP, SPORT UTILITY)",,NO APPARENT INJURY                                ,SUSPECTED MINOR INJURY                            ,,,MALE                                              ,MALE                                              ,1.0,,,CYCLIST                                           ,2023,9,8,9,4,False,True,Fall
2023-09-05 18:29:00,Tuesday,MASSACHUSETTS AVENUE,RICE STREET,MASSACHUSETTS AVENUE_AND_RICE STREET,42.369333,-71.11075,ANGLE                                             ,COLLISION WITH PEDALCYCLE                         ,CLEAR                                             ,,DAYLIGHT                                          ,DRY                                               ,TRAFFIC CONTROL SIGNAL                            ,YES                                               ,T-INTERSECTION                                    ,"TWO-WAY, DIVIDED, POSITIVE MEDIAN BARRIER         ",25 ,"LIGHT TRUCK(VAN, MINI VAN, PICK-UP, SPORT UTILITY)",,POSSIBLE INJURY                                   ,NO APPARENT INJURY                                ,,,MALE                                              ,FEMALE                                            ,1.0,,CYCLIST                                           ,,2023,9,5,18,1,False,True,Fall
2023-09-05 17:52:00,Tuesday,CAMBRIDGE PARK DRIVE,,CAMBRIDGE PARK DRIVE,42.39466,-71.1413,ANGLE                                             ,COLLISION WITH PEDALCYCLE                         ,CLEAR                                             ,,DAYLIGHT                                          ,DRY                                               ,NO CONTROLS                                       ,NO                                                ,NOT AT INTERSECTION                               ,"TWO-WAY, DIVIDED, POSITIVE MEDIAN BARRIER         ",25 ,PASSENGER CAR                                     ,,NO APPARENT INJURY                                ,SUSPECTED MINOR INJURY                            ,,,FEMALE                                            ,FEMALE                                            ,1.0,,,CYCLIST                                           ,2023,9,5,17,1,False,True,Fall
2023-09-05 14:25:00,Tuesday,DOVER STREET,MASSACHUSETTS AVENUE,DOVER STREET_AND_MASSACHUSETTS AVENUE,42.369333,-71.11075,ANGLE                                             ,COLLISION WITH PEDALCYCLE                         ,CLEAR                                             ,,DAYLIGHT                                          ,DRY                                               ,TRAFFIC CONTROL SIGNAL                            ,YES                                               ,T-INTERSECTION                                    ,"ONE-WAY, NOT DIVIDED                              ",25 ,PASSENGER CAR                                     ,,NO APPARENT INJURY                                ,SUSPECTED MINOR INJURY                            ,,,MALE                                              ,FEMALE                                            ,1.0,,,CYCLIST                                           ,2023,9,5,14,1,False,False,Fall
2023-08-28 19:42:00,Monday,CAMBRIDGE STREET,,CAMBRIDGE STREET,42.37230041666667,-71.08960208333333,REAR-END                                          ,COLLISION WITH PEDALCYCLE                         ,CLEAR                                             ,,DARK - LIGHTED ROADWAY                            ,DRY                                               ,NO CONTROLS                                       ,,FOUR WAY INTERSECTION                             ,"TWO-WAY, NOT DIVIDED                              ",25 ,PASSENGER CAR                                     ,,NO APPARENT INJURY                                ,SUSPECTED MINOR INJURY                            ,,,MALE                                              ,MALE                                              ,1.0,,,CYCLIST                                           ,2023,8,28,19,0,False,False,Summer
2023-08-21 16:29:00,Monday,MASSACHUSETTS AVENUE,,MASSACHUSETTS AVENUE,42.36891,-71.11,"SIDESWIPE, SAME DIRECTION                         ",COLLISION WITH PEDALCYCLE                         ,CLEAR                                             ,CLEAR                                             ,DAYLIGHT                                          ,DRY                                               ,NO CONTROLS                                       ,,NOT AT INTERSECTION                               ,"TWO-WAY, NOT DIVIDED                              ",25 ,PASSENGER CAR                                     ,,NO APPARENT INJURY                                ,NO APPARENT INJURY                                ,,,MALE                                              ,MALE                                              ,1.0,,,CYCLIST                                           ,2023,8,21,16,0,False,True,Summer