Date Time,Day of Week,Street Name Cleaned,Cross Street Cleaned,Intersection_ID,Latitude,Longitude,Manner of Collision,First Harmful Event,Weather Condition 1,Weather Condition 2,Ambient Light,Road Surface Condition,Traffic Control Device Type,Traffic Control Device Functionality,Roadway Junction Type,Trafficway Description,Speed Limit,Object 1,Object 2,P1 Injury,P2 Injury,P1 Age,P2 Age,P1 Sex,P2 Sex,May involve cyclist,May Involve Pedestrian,P1 Non Motorist Desc,P2 Non Motorist Desc,Year,Month,Day,Hour,Day_of_Week_Num,Is_Weekend,Is_Rush_Hour,Season
2023-08-18 22:10:00,Friday,MASSACHUSETTS AVENUE,,MASSACHUSETTS AVENUE,42.38535,-71.11942,SINGLE VEHICLE CRASH                              ,COLLISION WITH PEDALCYCLE                         ,CLEAR                                             ,,DARK - LIGHTED ROADWAY                            ,WET                                               ,NO CONTROLS                                       ,YES                                               ,NOT AT INTERSECTION                               ,"TWO-WAY, DIVIDED, POSITIVE MEDIAN BARRIER         ",25 ,PASSENGER CAR                                     ,,SUSPECTED MINOR INJURY                            ,NO APPARENT INJURY                                ,,,FEMALE                                            ,MALE                                              ,1.0,,CYCLIST                                           ,,2023,8,18,22,4,False,False,Summer
2023-08-06 16:43:00,Sunday,MASSACHUSETTS AVENUE,,MASSACHUSETTS AVENUE,42.39586,-71.12851,"SIDESWIPE, SAME DIRECTION                         ",COLLISION WITH PEDALCYCLE                         ,CLEAR                                             ,,DAYLIGHT                                          ,DRY                                               ,NO CONTROLS                                       ,,NOT AT INTERSECTION                               ,"TWO-WAY, DIVIDED, POSITIVE MEDIAN BARRIER         ",25 ,PASSENGER CAR                                     ,,NO APPARENT INJURY                                ,POSSIBLE INJURY                                   ,,,MALE                                              ,MALE                                              ,1.0,,,CYCLIST                                           ,2023,8,6,16,6,True,True,Summer
2023-08-03 15:11:00,Thursday,BROADWAY,,BROADWAY,42.36626,-71.09324,SINGLE VEHICLE CRASH                              ,COLLISION WITH PEDALCYCLE                         ,CLEAR                                             ,CLEAR                                             ,DAYLIGHT                                          ,DRY                                               ,TRAFFIC CONTROL SIGNAL                            ,YES                                               ,NOT AT INTERSECTION                               ,"TWO-WAY, DIVIDED, UNPROTECTED MEDIAN              ",25 ,,,NO APPARENT INJURY                                ,SUSPECTED MINOR INJURY                            ,,,FEMALE                                            ,MALE                                              ,1.0,,,CYCLIST                                           ,2023,8,3,15,3,False,False,Summer
2023-08-01 10:30:00,Tuesday,BRATTLE STREET,,BRATTLE STREET,42.375524999999996,-71.12913,ANGLE                                             ,COLLISION WITH PEDALCYCLE                         ,CLEAR                                             ,,DAYLIGHT                                          ,DRY                                               ,NO CONTROLS                                       ,NO                                                ,FOUR WAY INTERSECTION                             ,"TWO-WAY, NOT DIVIDED                              ",25 ,PASSENGER CAR                                     ,,NO APPARENT INJURY                                ,SUSPECTED MINOR INJURY                            ,,,MALE                                              ,MALE                                              ,1.0,,,,2023,8,1,10,1,False,False,Summer
2023-07-20 01:24:00,Thursday,TECHNOLOGY SQUARE,,TECHNOLOGY SQUARE,42.3635,-71.0934,SINGLE VEHICLE CRASH                              ,COLLISION WITH PEDALCYCLE                         ,CLEAR                                             ,CLEAR                                             ,DARK - LIGHTED ROADWAY                            ,DRY                                               ,NO CONTROLS                                       ,,NOT AT INTERSECTION                               ,"TWO-WAY, NOT DIVIDED                              ",25 ,PASSENGER CAR                                     ,,NO APPARENT INJURY                                ,NO APPARENT INJURY                                ,,,MALE                                              ,MALE                                              ,1.0,,,CYCLIST                                           ,2023,7,20,1,3,False,False,Summer
2023-07-19 08:51:00,Wednesday,OXFORD STREET,,OXFORD STREET,42.37799,-71.11633,SINGLE VEHICLE CRASH                              ,COLLISION WITH PEDALCYCLE                         ,CLEAR                                             ,,DAYLIGHT                                          ,DRY                                               ,NO CONTROLS                                       ,YES                                               ,NOT AT INTERSECTION                               ,"TWO-WAY, DIVIDED, UNPROTECTED MEDIAN              ",25 ,PASSENGER CAR                                     ,,NO APPARENT INJURY                                ,SUSPECTED MINOR INJURY                            ,,,MALE                                              ,MALE                                              ,1.0,,,CYCLIST                                           ,2023,7,19,8,2,False,True,Summer
2023-07-14 19:25:00,Friday,MASSACHUSETTS AVENUE,ALBANY STREET,ALBANY STREET_AND_MASSACHUSETTS AVENUE,42.369333,-71.11075,ANGLE                                             ,COLLISION WITH PEDALCYCLE                         ,CLEAR                                             ,,DAYLIGHT                                          ,DRY                                               ,TRAFFIC CONTROL SIGNAL                            ,YES                                               ,FOUR WAY INTERSECTION                             ,"TWO-WAY, DIVIDED, UNPROTECTED MEDIAN              ",20 ,"LIGHT TRUCK(VAN, MINI VAN, PICK-UP, SPORT UTILITY)",,NO APPARENT INJURY                                ,NO APPARENT INJURY                                ,,,FEMALE                                            ,FEMALE                                            ,1.0,,,,2023,7,14,19,4,False,False,Summer
2023-07-08 16:12:00,Saturday,MASSACHUSETTS AVENUE,,MASSACHUSETTS AVENUE,42.38409,-71.11914,ANGLE                                             ,COLLISION WITH PEDALCYCLE                         ,CLEAR                                             ,,DAYLIGHT                                          ,DRY                                               ,NO CONTROLS                                       ,,NOT AT INTERSECTION                               ,"TWO-WAY, DIVIDED, POSITIVE MEDIAN BARRIER         ",20 ,PASSENGER CAR                                     ,,NO APPARENT INJURY                                ,NO APPARENT INJURY                                ,,,FEMALE                                            ,MALE                                              ,1.0,,,,2023,7,8,16,5,True,True,Summer
2023-07-03 12:20:00,Monday,MASSACHUSETTS AVENUE,MASSACHUSETTS AVENUE,MASSACHUSETTS AVENUE_AND_MASSACHUSETTS AVENUE,42.369333,-71.11075,ANGLE                                             ,COLLISION WITH PEDALCYCLE                         ,CLOUDY                                            ,CLOUDY                                            ,DAYLIGHT                                          ,DRY                                               ,TRAFFIC CONTROL SIGNAL                            ,,T-INTERSECTION                                    ,"TWO-WAY, DIVIDED, UNPROTECTED MEDIAN              ",30 ,"LIGHT TRUCK(VAN, MINI VAN, PICK-UP, SPORT UTILITY)",,NO APPARENT INJURY                                ,SUSPECTED MINOR INJURY                            ,,,MALE                                              ,MALE                                              ,1.0,,,,2023,7,3,12,0,False,False,Summer
2023-06-29 21:30:00,Thursday,MASSACHUSETTS AVENUE,PEARL,MASSACHUSETTS AVENUE_AND_PEARL,42.369333,-71.11075,HEAD ON                                           ,COLLISION WITH PEDALCYCLE                         ,CLEAR                                             ,,DARK - LIGHTED ROADWAY                            ,UNKNOWN                                           ,NO CONTROLS                                       ,,T-INTERSECTION                                    ,"TWO-WAY, NOT DIVIDED                              ",25 ,PASSENGER CAR                                     ,,NO APPARENT INJURY                                ,SUSPECTED MINOR INJURY                            ,,,MALE                                              ,UNKNOWN                                           ,1.0,,,CYCLIST                                           ,2023,6,29,21,3,False,False,Summer
2023-06-25 14:23:00,Sunday,MASSACHUSETTS AVENUE,BAY ST,BAY ST_AND_MASSACHUSETTS AVENUE,42.369333,-71.11075,ANGLE                                             ,COLLISION WITH PEDALCYCLE                         ,CLEAR                                             ,,DAYLIGHT                                          ,DRY                                               ,STOP SIGNS                                        ,YES                                               ,T-INTERSECTION                                    ,"TWO-WAY, NOT DIVIDED                              ",25 ,PASSENGER CAR                                     ,,NO APPARENT INJURY                                ,SUSPECTED MINOR INJURY                            ,,,MALE                                              ,MALE                                              ,1.0,,,CYCLIST                                           ,2023,6,25,14,6,True,False,Summer
2023-06-21 20:21:00,Wednesday,MASSACHUSETTS AVENUE,RICE STREET,MASSACHUSETTS AVENUE_AND_RICE STREET,42.369333,-71.11075,ANGLE                                             ,COLLISION WITH PEDALCYCLE                         ,CLEAR                                             ,,DAYLIGHT                                          ,DRY                                               ,TRAFFIC CONTROL SIGNAL                            ,YES                                               ,T-INTERSECTION                                    ,"ONE-WAY, NOT DIVIDED                              ",20 ,PASSENGER CAR                                     ,,NO APPARENT INJURY                                ,SUSPECTED MINOR INJURY                            ,,,FEMALE                                            ,MALE                                              ,1.0,,,CYCLIST                                           ,2023,6,21,20,2,False,False,Summer
2023-06-20 11:48:00,Tuesday,WHITE ST,,WHITE ST,42.38909,-71.11801,ANGLE                                             ,COLLISION WITH PEDALCYCLE                         ,CLEAR                                             ,,DAYLIGHT                                          ,DRY                                               ,NO CONTROLS                                       ,,T-INTERSECTION                                    ,"TWO-WAY, NOT DIVIDED                              ",20 ,,,NO APPARENT INJURY                                ,,,,MALE                                              ,FEMALE                                            ,1.0,,,,2023,6,20,11,1,False,False,Summer
2023-06-16 11:43:00,Friday,CONCORD AVE,,CONCORD AVE,42.38351,-71.13334,ANGLE                                             ,COLLISION WITH PEDALCYCLE                         ,CLEAR                                             ,,DAYLIGHT                                          ,DRY                                               ,NO CONTROLS                                       ,,NOT AT INTERSECTION                               ,"TWO-WAY, NOT DIVIDED                              ",25 ,PASSENGER CAR                                     ,,NO APPARENT INJURY                                ,NO APPARENT INJURY                                ,,,MALE                                              ,MALE                                              ,1.0,,,,2023,6,16,11,4,False,False,Summer
2023-05-31 17:08:00,Wednesday,COLUMBIA ST,,COLUMBIA ST,42.36469,-71.09919,ANGLE                                             ,COLLISION WITH PEDALCYCLE                         ,CLEAR                                             ,,DAYLIGHT                                          ,DRY                                               ,NO CONTROLS                                       ,NO                                                ,NOT AT INTERSECTION                               ,"TWO-WAY, NOT DIVIDED                              ",20 ,"LIGHT TRUCK(VAN, MINI VAN, PICK-UP, SPORT UTILITY)",,SUSPECTED MINOR INJURY                            ,,,,MALE                                              ,,1.0,,,,2023,5,31,17,2,False,True,Spring
2023-05-31 11:27:00,Wednesday,MASSACHUSETTS AVENUE,,MASSACHUSETTS AVENUE,42.37544081818183,-71.11253827272726,ANGLE                                             ,COLLISION WITH PEDALCYCLE                         ,CLEAR                                             ,,DAYLIGHT                                          ,DRY                                               ,NO CONTROLS                                       ,YES                                               ,NOT AT INTERSECTION                               ,"TWO-WAY, DIVIDED, UNPROTECTED MEDIAN              ",25 ,"LIGHT TRUCK(VAN, MINI VAN, PICK-UP, SPORT UTILITY)",,NO APPARENT INJURY                                ,SUSPECTED MINOR INJURY                            ,,,MALE                                              ,MALE                                              ,1.0,,,CYCLIST                                           ,2023,5,31,11,2,False,False,Spring
2023-05-25 09:44:00,Thursday,MT. AUBURN ST,,MT. AUBURN ST,42.37448,-71.12693,SINGLE VEHICLE CRASH                              ,COLLISION WITH PEDALCYCLE                         ,CLEAR                                             ,,DAYLIGHT                                          ,DRY                                               ,NO CONTROLS                                       ,YES                                               ,NOT AT INTERSECTION                               ,"TWO-WAY, NOT DIVIDED                              ",25 ,PASSENGER CAR                                     ,,NO APPARENT INJURY                                ,SUSPECTED MINOR INJURY                            ,,,MALE                                              ,MALE                                              ,1.0,,,CYCLIST                                           ,2023,5,25,9,3,False,True,Spring
2023-05-17 17:00:00,Wednesday,JFK STREET,,JFK STREET,42.37188,-71.12074,SINGLE VEHICLE CRASH                              ,COLLISION WITH PEDALCYCLE                         ,CLEAR                                             ,,DUSK                                              ,DRY                                               ,NO CONTROLS                                       ,NO                                                ,NOT AT INTERSECTION                               ,"ONE-WAY, NOT DIVIDED                              ",20 ,,,NO APPARENT INJURY                                ,SUSPECTED MINOR INJURY                            ,,,FEMALE                                            ,MALE                                              ,1.0,,,,2023,5,17,17,2,False,True,Spring
2023-05-16 19:36:00,Tuesday,MASSACHUSETTS AVENUE,VASSAR STREET,MASSACHUSETTS AVENUE_AND_VASSAR STREET,42.358598,-71.096431,"SIDESWIPE, SAME DIRECTION                         ",COLLISION WITH PEDALCYCLE                         ,CLEAR                                             ,,DAYLIGHT                                          ,DRY                                               ,TRAFFIC CONTROL SIGNAL                            ,YES                                               ,FOUR WAY INTERSECTION                             ,"TWO-WAY, DIVIDED, UNPROTECTED MEDIAN              ",25 ,PASSENGER CAR                                     ,,SUSPECTED MINOR INJURY                            ,,,,MALE                                              ,,1.0,,CYCLIST                                           ,,2023,5,16,19,1,False,False,Spring
2023-05-13 19:00:00,Saturday,HURON AVENUE,,HURON AVENUE,42.3823,-71.13118,"SIDESWIPE, SAME DIRECTION                         ",COLLISION WITH PEDALCYCLE                         ,CLEAR                                             ,,DAYLIGHT                                          ,DRY                                               ,NO CONTROLS                                       ,,NOT AT INTERSECTION                               ,"TWO-WAY, DIVIDED, UNPROTECTED MEDIAN              ",25 ,"LIGHT TRUCK(VAN, MINI VAN, PICK-UP, SPORT UTILITY)",,NO APPARENT INJURY                                ,SUSPECTED MINOR INJURY                            ,,,MALE                                              ,FEMALE                                            ,1.0,,,CYCLIST                                           ,2023,5,13,19,5,True,False,Spring
2023-05-11 20:23:00,Thursday,BROADWAY,,BROADWAY,42.36367,-71.08687,ANGLE                                             ,COLLISION WITH PEDALCYCLE                         ,CLEAR                                             ,,DAYLIGHT                                          ,DRY                                               ,NO CONTROLS                                       ,,NOT AT INTERSECTION                               ,"TWO-WAY, DIVIDED, POSITIVE MEDIAN BARRIER         ",25 ,OTHER                                             ,PASSENGER CAR                                     ,SUSPECTED MINOR INJURY                            ,NO APPARENT INJURY                                ,,,MALE                                              ,MALE                                              ,1.0,,OTHER NON MOTORIST                                ,,2023,5,11,20,3,False,False,Spring
2023-05-09 14:09:00,Tuesday,HAMPSHIRE STREET,,HAMPSHIRE STREET,42.367,-71.09264,"SIDESWIPE, SAME DIRECTION                         ",COLLISION WITH PEDALCYCLE                         ,CLEAR                                             ,,DAYLIGHT                                          ,DRY                                               ,NO CONTROLS                                       ,,NOT AT INTERSECTION                               ,"TWO-WAY, NOT DIVIDED                              ",25 ,PASSENGER CAR                                     ,,NO APPARENT INJURY                                ,SUSPECTED MINOR INJURY                            ,,,MALE                                              ,MALE                                              ,1.0,,,CYCLIST                                           ,2023,5,9,14,1,False,False,Spring
2023-05-02 16:50:00,Tuesday,CAMBRIDGE,,CAMBRIDGE,42.37279,-71.09355,SINGLE VEHICLE CRASH                              ,COLLISION WITH PEDALCYCLE                         ,UNKNOWN                                           ,,DAYLIGHT                                          ,UNKNOWN                                           ,NO CONTROLS                                       ,NO                                                ,NOT AT INTERSECTION                               ,"TWO-WAY, NOT DIVIDED                              ",25 ,PASSENGER CAR                                     ,,NO APPARENT INJURY                                ,SUSPECTED MINOR INJURY                            ,,,FEMALE                                            ,MALE                                              ,1.0,,,CYCLIST                                           ,2023,5,2,16,1,False,True,Spring
2023-04-27 11:05:00,Thursday,MASSACHUSETTS AVENUE,HANCOCK ST,HANCOCK ST_AND_MASSACHUSETTS AVENUE,42.369333,-71.11075,ANGLE                                             ,COLLISION WITH PEDALCYCLE                         ,CLEAR                                             ,,DAYLIGHT                                          ,DRY                                               ,TRAFFIC CONTROL SIGNAL                            ,YES                                               ,FOUR WAY INTERSECTION                             ,"TWO-WAY, DIVIDED, UNPROTECTED MEDIAN              ",25 ,PASSENGER CAR                                     ,,NO APPARENT INJURY                                ,SUSPECTED MINOR INJURY                            ,,,MALE                                              ,FEMALE                                            ,1.0,,,CYCLIST                                           ,2023,4,27,11,3,False,False,Spring
2023-04-19 10:48:00,Wednesday,CAMBRIDGE STREET,,CAMBRIDGE STREET,42.3714,-71.08282,"SIDESWIPE, SAME DIRECTION                         ",COLLISION WITH PEDALCYCLE                         ,CLEAR                                             ,,DAYLIGHT                                          ,DRY                                               ,NO CONTROLS                                       ,,NOT AT INTERSECTION                               ,"TWO-WAY, DIVIDED, UNPROTECTED MEDIAN              ",25 ,"LIGHT TRUCK(VAN, MINI VAN, PICK-UP, SPORT UTILITY)",,NO APPARENT INJURY                                ,SUSPECTED MINOR INJURY                            ,,,FEMALE                                            ,FEMALE                                            ,1.0,,,CYCLIST                                           ,2023,4,19,10,2,False,False,Spring
2023-04-19 08:00:00,Wednesday,MASSACHUSETTS AVENUE,,MASSACHUSETTS AVENUE,42.38098,-71.1198,"SIDESWIPE, SAME DIRECTION                         ",COLLISION WITH PEDALCYCLE                         ,CLEAR                                             ,,DAYLIGHT                                          ,DRY                                               ,NO CONTROLS                                       ,,NOT AT INTERSECTION                               ,"TWO-WAY, DIVIDED, POSITIVE MEDIAN BARRIER         ",25 ,UNKNOWN HEAVY TRUCK                               ,,SUSPECTED MINOR INJURY                            ,NO APPARENT INJURY                                ,,,UNKNOWN                                           ,UNKNOWN                                           ,1.0,,CYCLIST                                           ,,2023,4,19,8,2,False,True,Spring
2023-04-18 17:27:00,Tuesday,MOUNT AUBURN STREET,,MOUNT AUBURN STREET,42.3755,-71.14873,"SIDESWIPE, SAME DIRECTION                         ",COLLISION WITH PEDALCYCLE                         ,CLOUDY                                            ,,DAYLIGHT                                          ,DRY                                               ,STOP SIGNS                                        ,YES                                               ,T-INTERSECTION                                    ,"TWO-WAY, NOT DIVIDED                              ",20 ,"LIGHT TRUCK(VAN, MINI VAN, PICK-UP, SPORT UTILITY)",,NO APPARENT INJURY                                ,SUSPECTED MINOR INJURY                            ,,,FEMALE                                            ,MALE                                              ,1.0,,,CYCLIST                                           ,2023,4,18,17,1,False,True,Spring
2023-04-12 08:50:00,Wednesday,BROADWAY,,BROADWAY,42.37349,-71.1116,"SIDESWIPE, SAME DIRECTION                         ",COLLISION WITH PEDALCYCLE                         ,CLOUDY                                            ,,DAYLIGHT                                          ,DRY                                               ,NO CONTROLS                                       ,,NOT AT INTERSECTION                               ,"TWO-WAY, NOT DIVIDED                              ",25 ,PASSENGER CAR                                     ,,NO APPARENT INJURY                                ,SUSPECTED MINOR INJURY                            ,,,FEMALE                                            ,MALE                                              ,1.0,,,CYCLIST                                           ,2023,4,12,8,2,False,True,Spring
2023-04-11 17:14:00,Tuesday,CAMBRIDGE STREET,,CAMBRIDGE STREET,42.37230041666667,-71.08960208333333,"SIDESWIPE, SAME DIRECTION                         ",COLLISION WITH PEDALCYCLE                         ,CLEAR                                             ,,DAYLIGHT                                          ,DRY                                               ,NO CONTROLS                                       ,YES                                               ,NOT AT INTERSECTION                               ,"TWO-WAY, NOT DIVIDED                              ",25 ,PASSENGER CAR                                     ,,SUSPECTED MINOR INJURY                            ,,,,MALE                                              ,,1.0,,CYCLIST                                           ,,2023,4,11,17,1,False,True,Spring
2023-04-07 09:58:00,Friday,MASSACHUSETTS AVENUE,BAY ST,BAY ST_AND_MASSACHUSETTS AVENUE,42.369333,-71.11075,ANGLE                                             ,COLLISION WITH PEDALCYCLE                         ,CLEAR                                             ,,DAYLIGHT                                          ,DRY                                               ,NO CONTROLS                                       ,,T-INTERSECTION                                    ,"TWO-WAY, NOT DIVIDED                              ",25 ,"LIGHT TRUCK(VAN, MINI VAN, PICK-UP, SPORT UTILITY)",,NO APPARENT INJURY                                ,NO APPARENT INJURY                                ,58.0,,FEMALE                                            ,MALE                                              ,1.0,,,CYCLIST                                           ,2023,4,7,9,4,False,True,Spring
2023-03-29 09:47:00,Wednesday,WINDSOR ST,,WINDSOR ST,42.36455,-71.09636,"SIDESWIPE, OPPOSITE DIRECTION                     ",COLLISION WITH PEDALCYCLE                         ,CLEAR                                             ,,DAYLIGHT                                          ,DRY                                               ,NO CONTROLS                                       ,,NOT AT INTERSECTION                               ,"TWO-WAY, NOT DIVIDED                              ",25 ,"LIGHT TRUCK(VAN, MINI VAN, PICK-UP, SPORT UTILITY)",,NO APPARENT INJURY                                ,SUSPECTED MINOR INJURY                            ,,,MALE                                              ,MALE                                              ,1.0,,,CYCLIST                                           ,2023,3,29,9,2,False,True,Spring
2023-03-28 09:24:00,Tuesday,KIRKLAND ST,,KIRKLAND ST,42.37803,-71.10755,ANGLE                                             ,COLLISION WITH PEDALCYCLE                         ,RAIN                                              ,,DAYLIGHT                                          ,WET                                               ,NO CONTROLS                                       ,,NOT AT INTERSECTION                               ,"TWO-WAY, DIVIDED, UNPROTECTED MEDIAN              ",25 ,PASSENGER CAR                                     ,,NO APPARENT INJURY                                ,SUSPECTED MINOR INJURY                            ,,,FEMALE                                            ,MALE                                              ,1.0,,,CYCLIST                                           ,2023,3,28,9,1,False,True,Spring
2023-03-24 19:30:00,Friday,MASSACHUSETTS AVENUE,CHURCH STREET,CHURCH STREET_AND_MASSACHUSETTS AVENUE,42.369333,-71.11075,"SIDESWIPE, SAME DIRECTION                         ",COLLISION WITH PEDALCYCLE                         ,UNKNOWN                                           ,,UNKNOWN                                           ,UNKNOWN                                           ,NO CONTROLS                                       ,,T-INTERSECTION                                    ,"TWO-WAY, NOT DIVIDED                              ",25 ,,,SUSPECTED SERIOUS INJURY                          ,,,,UNKNOWN                                           ,,1.0,,CYCLIST                                           ,,2023,3,24,19,4,False,False,Spring
2023-03-11 07:30:00,Saturday,CONCORD AVENUE,,CONCORD AVENUE,42.3878,-71.14272,SINGLE VEHICLE CRASH                              ,COLLISION WITH PEDALCYCLE                         ,UNKNOWN                                           ,,UNKNOWN                                           ,UNKNOWN                                           ,NO CONTROLS                                       ,NO                                                ,NOT AT INTERSECTION                               ,"TWO-WAY, DIVIDED, POSITIVE MEDIAN BARRIER         ",25 ,PASSENGER CAR                                     ,,SUSPECTED MINOR INJURY                            ,,,,MALE                                              ,,1.0,,CYCLIST                                           ,,2023,3,11,7,5,True,True,Spring
2023-02-19 09:40:00,Sunday,MASSACHUSETTS AVENUE,,MASSACHUSETTS AVENUE,42.35937,-71.09462,ANGLE                                             ,COLLISION WITH PEDALCYCLE                         ,CLEAR                                             ,,DAYLIGHT                                          ,DRY                                               ,NO CONTROLS                                       ,,NOT AT INTERSECTION                               ,"TWO-WAY, DIVIDED, UNPROTECTED MEDIAN              ",25 ,"LIGHT TRUCK(VAN, MINI VAN, PICK-UP, SPORT UTILITY)",,NO APPARENT INJURY                                ,NO APPARENT INJURY                                ,,,MALE                                              ,MALE                                              ,1.0,,,CYCLIST                                           ,2023,2,19,9,6,True,True,Winter
2023-02-18 22:50:00,Saturday,MASSACHUSETTS AVENUE,,MASSACHUSETTS AVENUE,42.36487,-71.10282,"SIDESWIPE, SAME DIRECTION                         ",COLLISION WITH PEDALCYCLE                         ,CLEAR                                             ,,DARK - LIGHTED ROADWAY                            ,DRY                                               ,TRAFFIC CONTROL SIGNAL                            ,YES                                               ,NOT AT INTERSECTION                               ,"TWO-WAY, NOT DIVIDED                              ",25 ,PASSENGER CAR                                     ,,NO APPARENT INJURY                                ,NO APPARENT INJURY                                ,,,FEMALE                                            ,MALE                                              ,1.0,,,CYCLIST                                           ,2023,2,18,22,5,True,False,Winter
2023-02-14 10:20:00,Tuesday,CAMBRIDGE STREET,,CAMBRIDGE STREET,42.37115,-71.08077,ANGLE                                             ,COLLISION WITH PEDALCYCLE                         ,CLEAR                                             ,,DAYLIGHT                                          ,DRY                                               ,NO CONTROLS                                       ,,NOT AT INTERSECTION                               ,"TWO-WAY, DIVIDED, UNPROTECTED MEDIAN              ",25 ,"LIGHT TRUCK(VAN, MINI VAN, PICK-UP, SPORT UTILITY)",,NO APPARENT INJURY                                ,SUSPECTED MINOR INJURY                            ,,,MALE                                              ,MALE                                              ,1.0,,,CYCLIST                                           ,2023,2,14,10,1,False,False,Winter
2023-02-08 09:24:00,Wednesday,MASSACHUSETTS AVENUE,ALBANY STREET,ALBANY STREET_AND_MASSACHUSETTS AVENUE,42.369333,-71.11075,SINGLE VEHICLE CRASH                              ,COLLISION WITH PEDALCYCLE                         ,CLOUDY                                            ,,DAYLIGHT                                          ,DRY                                               ,TRAFFIC CONTROL SIGNAL                            ,YES                                               ,FOUR WAY INTERSECTION                             ,"TWO-WAY, NOT DIVIDED                              ",20 ,PASSENGER CAR                                     ,,NO APPARENT INJURY                                ,POSSIBLE INJURY                                   ,,,MALE                                              ,MALE                                              ,1.0,,,CYCLIST                                           ,2023,2,8,9,2,False,True,Winter
2023-01-31 17:57:00,Tuesday,CONCORD AVENUE,,CONCORD AVENUE,42.385085999999994,-71.136968,SINGLE VEHICLE CRASH                              ,COLLISION WITH PEDALCYCLE                         ,SNOW                                              ,,DAYLIGHT                                          ,SNOW                                              ,NO CONTROLS                                       ,YES                                               ,NOT AT INTERSECTION                               ,"TWO-WAY, DIVIDED, UNPROTECTED MEDIAN              ",25 ,PASSENGER CAR                                     ,,SUSPECTED MINOR INJURY                            ,NO APPARENT INJURY                                ,,,MALE                                              ,MALE                                              ,1.0,,CYCLIST                                           ,,2023,1,31,17,1,False,True,Winter
2023-01-11 18:26:00,Wednesday,MASSACHUSETTS AVENUE,,MASSACHUSETTS AVENUE,42.36533,-71.10359,ANGLE                                             ,COLLISION WITH PEDALCYCLE                         ,CLEAR                                             ,,DARK - LIGHTED ROADWAY                            ,DRY                                               ,NO CONTROLS                                       ,,NOT AT INTERSECTION                               ,"TWO-WAY, NOT DIVIDED                              ",25 ,PASSENGER CAR                                     ,,NO APPARENT INJURY                                ,NO APPARENT INJURY                                ,,,MALE                                              ,MALE                                              ,1.0,,,CYCLIST                                           ,2023,1,11,18,2,False,True,Winter
2022-12-08 18:52:00,Thursday,BINNEY STREET,FIRST STREET,BINNEY STREET_AND_FIRST STREET,42.36507624884,-71.0796976089,HEAD ON                                           ,COLLISION WITH PEDALCYCLE                         ,CLEAR                                             ,,DARK - LIGHTED ROADWAY                            ,DRY                                               ,TRAFFIC CONTROL SIGNAL                            ,YES                                               ,FOUR WAY INTERSECTION                             ,"TWO-WAY, DIVIDED, UNPROTECTED MEDIAN              ",20 ,,,SUSPECTED MINOR INJURY                            ,,,,MALE                                              ,,1.0,,CYCLIST                                           ,,2022,12,8,18,3,False,True,Winter
2022-12-03 02:12:00,Saturday,HAMPSHIRE STREET,,HAMPSHIRE STREET,42.37163,-71.09829,HEAD ON                                           ,COLLISION WITH PEDALCYCLE                         ,CLEAR                                             ,CLEAR                                             ,DARK - ROADWAY NOT LIGHTED                        ,DRY                                               ,STOP SIGNS                                        ,YES                                               ,UNKNOWN                                           ,"ONE-WAY, NOT DIVIDED                              ",20 ,PASSENGER CAR                                     ,,NO APPARENT INJURY                                ,POSSIBLE INJURY                                   ,,,FEMALE                                            ,MALE                                              ,1.0,,,CYCLIST                                           ,2022,12,3,2,5,True,False,Winter