Date Time,Day of Week,Street Name Cleaned,Cross Street Cleaned,Intersection_ID,Latitude,Longitude,Manner of Collision,First Harmful Event,Weather Condition 1,Weather Condition 2,Ambient Light,Road Surface Condition,Traffic Control Device Type,Traffic Control Device Functionality,Roadway Junction Type,Trafficway Description,Speed Limit,Object 1,Object 2,P1 Injury,P2 Injury,P1 Age,P2 Age,P1 Sex,P2 Sex,May involve cyclist,May Involve Pedestrian,P1 Non Motorist Desc,P2 Non Motorist Desc,Year,Month,Day,Hour,Day_of_Week_Num,Is_Weekend,Is_Rush_Hour,Season
2022-03-18 22:40:00,Friday,BROADWAY,,BROADWAY,42.367850499999996,-71.09733450000002,ANGLE                                             ,COLLISION WITH PEDALCYCLE                         ,CLEAR                                             ,,DARK - LIGHTED ROADWAY                            ,DRY                                               ,NO CONTROLS                                       ,NO                                                ,NOT AT INTERSECTION                               ,"TWO-WAY, NOT DIVIDED                              ",25 ,PASSENGER CAR                                     ,,NO APPARENT INJURY                                ,,,,MALE                                              ,,1.0,,,,2022,3,18,22,4,False,False,Spring
2022-03-10 09:26:00,Thursday,MASSACHUSETTS AVENUE,COLUMBUS AVE,COLUMBUS AVE_AND_MASSACHUSETTS AVENUE,42.369333,-71.11075,ANGLE                                             ,COLLISION WITH PEDALCYCLE                         ,CLEAR                                             ,CLEAR                                             ,DAYLIGHT                                          ,WET                                               ,STOP SIGNS                                        ,YES                                               ,T-INTERSECTION                                    ,"ONE-WAY, NOT DIVIDED                              ",25 ,PASSENGER CAR                                     ,,SUSPECTED MINOR INJURY                            ,NO APPARENT INJURY                                ,,,FEMALE                                            ,MALE                                              ,1.0,,CYCLIST                                           ,,2022,3,10,9,3,False,True,Spring
2022-03-09 16:13:00,Wednesday,HAMPSHIRESTREET,,HAMPSHIRESTREET,42.37256,-71.0997,UNKNOWN                                           ,COLLISION WITH PEDALCYCLE                         ,SNOW                                              ,,DAYLIGHT                                          ,WET                                               ,NO CONTROLS                                       ,NO                                                ,NOT AT INTERSECTION                               ,"TWO-WAY, NOT DIVIDED                              ",25 ,,,NO APPARENT INJURY                                ,,,,FEMALE                                            ,,1.0,,CYCLIST                                           ,,2022,3,9,16,2,False,True,Spring
2022-02-09 09:12:00,Wednesday,MASSACHUSETTS AVENUE,VASSAR STREET,MASSACHUSETTS AVENUE_AND_VASSAR STREET,42.358598,-71.096431,REAR-END                                          ,COLLISION WITH PEDALCYCLE                         ,UNKNOWN                                           ,UNKNOWN                                           ,UNKNOWN                                           ,UNKNOWN                                           ,TRAFFIC CONTROL SIGNAL                            ,YES                                               ,FOUR WAY INTERSECTION                             ,"TWO-WAY, NOT DIVIDED                              ",25 ,"LIGHT TRUCK(VAN, MINI VAN, PICK-UP, SPORT UTILITY)",,UNKNOWN                                           ,UNKNOWN                                           ,,,MALE                                              ,MALE                                              ,1.0,,CYCLIST                                           ,,2022,2,9,9,2,False,True,Winter
2022-01-21 17:14:00,Friday,CAMBRIDGE STREET,,CAMBRIDGE STREET,42.37209,-71.08811,ANGLE                                             ,COLLISION WITH PEDALCYCLE                         ,CLEAR                                             ,,DAYLIGHT                                          ,DRY                                               ,NO CONTROLS                                       ,YES                                               ,NOT AT INTERSECTION                               ,"TWO-WAY, NOT DIVIDED                              ",20 ,PASSENGER CAR                                     ,,NO APPARENT INJURY                                ,POSSIBLE INJURY                                   ,28.0,25.0,FEMALE                                            ,MALE                                              ,1.0,,,CYCLIST                                           ,2022,1,21,17,4,False,True,Winter
2022-01-17 17:02:00,Monday,MASSACHUSETTS AVENUE,CHURCH STREET,CHURCH STREET_AND_MASSACHUSETTS AVENUE,42.369333,-71.11075,ANGLE                                             ,COLLISION WITH PEDALCYCLE                         ,CLEAR                                             ,,DAYLIGHT                                          ,DRY                                               ,NO CONTROLS                                       ,NO                                                ,T-INTERSECTION                                    ,"TWO-WAY, NOT DIVIDED                              ",20 ,"LIGHT TRUCK(VAN, MINI VAN, PICK-UP, SPORT UTILITY)",,NO APPARENT INJURY                                ,SUSPECTED MINOR INJURY                            ,,,MALE                                              ,FEMALE                                            ,1.0,,,CYCLIST                                           ,2022,1,17,17,0,False,True,Winter
2022-01-13 08:55:00,Thursday,HAMPSHIRE STREET,,HAMPSHIRE STREET,42.36983764705883,-71.0960894117647,"SIDESWIPE, SAME DIRECTION                         ",COLLISION WITH PEDALCYCLE                         ,CLOUDY                                            ,,DAYLIGHT                                          ,UNKNOWN                                           ,TRAFFIC CONTROL SIGNAL                            ,YES                                               ,UNKNOWN                                           ,"TWO-WAY, DIVIDED, UNPROTECTED MEDIAN              ",5  ,PASSENGER CAR                                     ,,NO APPARENT INJURY                                ,,,,MALE                                              ,,1.0,,CYCLIST                                           ,,2022,1,13,8,3,False,True,Winter
2021-12-29 17:00:00,Wednesday,MASSACHUSETTS AVENUE,DANA STREET,DANA STREET_AND_MASSACHUSETTS AVENUE,42.369333,-71.11075,ANGLE                                             ,COLLISION WITH PEDALCYCLE                         ,CLOUDY                                            ,,DARK - LIGHTED ROADWAY                            ,DRY                                               ,STOP SIGNS                                        ,YES                                               ,T-INTERSECTION                                    ,"TWO-WAY, DIVIDED, UNPROTECTED MEDIAN              ",25 ,"LIGHT TRUCK(VAN, MINI VAN, PICK-UP, SPORT UTILITY)",,NO APPARENT INJURY                                ,NO APPARENT INJURY                                ,,,MALE                                              ,FEMALE                                            ,1.0,,,CYCLIST                                           ,2021,12,29,17,2,False,True,Winter
2021-11-23 07:44:00,Tuesday,MASSACHUSETTS AVENUE,VASSAR ST,MASSACHUSETTS AVENUE_AND_VASSAR ST,42.369333,-71.11075,ANGLE                                             ,COLLISION WITH PEDALCYCLE                         ,CLEAR                                             ,,DAYLIGHT                                          ,DRY                                               ,TRAFFIC CONTROL SIGNAL                            ,YES                                               ,FOUR WAY INTERSECTION                             ,"TWO-WAY, NOT DIVIDED                              ",25 ,"LIGHT TRUCK(VAN, MINI VAN, PICK-UP, SPORT UTILITY)",,NO APPARENT INJURY                                ,,,,MALE                                              ,,1.0,,,,2021,11,23,7,1,False,True,Fall
2021-11-16 15:50:00,Tuesday,VASSAR ST,,VASSAR ST,42.35577,-71.10371,ANGLE                                             ,COLLISION WITH PEDALCYCLE                         ,CLEAR                                             ,,DAYLIGHT                                          ,DRY                                               ,NO CONTROLS                                       ,NO                                                ,NOT AT INTERSECTION                               ,"TWO-WAY, NOT DIVIDED                              ",25 ,PASSENGER CAR                                     ,,NO APPARENT INJURY                                ,SUSPECTED MINOR INJURY                            ,,,FEMALE                                            ,FEMALE                                            ,1.0,,,CYCLIST                                           ,2021,11,16,15,1,False,False,Fall
2021-11-10 22:20:00,Wednesday,CONCORD AVE,,CONCORD AVE,42.39133,-71.15549,UNKNOWN                                           ,COLLISION WITH PEDALCYCLE                         ,CLEAR                                             ,CLEAR                                             ,DARK - LIGHTED ROADWAY                            ,DRY                                               ,NO CONTROLS                                       ,NO                                                ,NOT AT INTERSECTION                               ,"TWO-WAY, DIVIDED, UNPROTECTED MEDIAN              ",25 ,,,NO APPARENT INJURY                                ,NO APPARENT INJURY                                ,,,MALE                                              ,MALE                                              ,1.0,,,CYCLIST                                           ,2021,11,10,22,2,False,False,Fall
2021-11-10 09:04:00,Wednesday,MASSACHUSETTS AVENUE,PLEASANT ST,MASSACHUSETTS AVENUE_AND_PLEASANT ST,42.369333,-71.11075,ANGLE                                             ,COLLISION WITH PEDALCYCLE                         ,CLEAR                                             ,,DAYLIGHT                                          ,DRY                                               ,NO CONTROLS                                       ,,T-INTERSECTION                                    ,"TWO-WAY, NOT DIVIDED                              ",25 ,"LIGHT TRUCK(VAN, MINI VAN, PICK-UP, SPORT UTILITY)",,NO APPARENT INJURY                                ,SUSPECTED MINOR INJURY                            ,,,MALE                                              ,FEMALE                                            ,1.0,,,CYCLIST                                           ,2021,11,10,9,2,False,True,Fall
2021-11-08 14:42:00,Monday,VASSAR ST,,VASSAR ST,42.35698,-71.10125,ANGLE                                             ,COLLISION WITH PEDALCYCLE                         ,CLEAR                                             ,,DAYLIGHT                                          ,DRY                                               ,NO CONTROLS                                       ,,NOT AT INTERSECTION                               ,"TWO-WAY, NOT DIVIDED                              ",25 ,"LIGHT TRUCK(VAN, MINI VAN, PICK-UP, SPORT UTILITY)",,NO APPARENT INJURY                                ,,,,MALE                                              ,,1.0,,,,2021,11,8,14,0,False,False,Fall
2021-11-05 15:14:00,Friday,OXFORD STREET,WENDELL STREET,OXFORD STREET_AND_WENDELL STREET,42.38136,-71.11605,"SIDESWIPE, SAME DIRECTION                         ",COLLISION WITH PEDALCYCLE                         ,CLEAR                                             ,,DAYLIGHT                                          ,DRY                                               ,NO CONTROLS                                       ,,T-INTERSECTION                                    ,"TWO-WAY, NOT DIVIDED                              ",25 ,PASSENGER CAR                                     ,,NO APPARENT INJURY                                ,POSSIBLE INJURY                                   ,,,FEMALE                                            ,MALE                                              ,1.0,,,CYCLIST                                           ,2021,11,5,15,4,False,False,Fall
2021-10-29 11:51:00,Friday,MASSACHUSETTS AVENUE,,MASSACHUSETTS AVENUE,42.38966,-71.12024,HEAD ON                                           ,COLLISION WITH PEDALCYCLE                         ,CLEAR                                             ,,DAYLIGHT                                          ,DRY                                               ,NO CONTROLS                                       ,NO                                                ,NOT AT INTERSECTION                               ,"TWO-WAY, NOT DIVIDED                              ",20 ,PASSENGER CAR                                     ,,NO APPARENT INJURY                                ,SUSPECTED MINOR INJURY                            ,,,FEMALE                                            ,FEMALE                                            ,1.0,,,,2021,10,29,11,4,False,False,Fall
2021-10-27 19:18:00,Wednesday,MASSACHUSETTS AVENUE,,MASSACHUSETTS AVENUE,42.37379,-71.11887,"SIDESWIPE, SAME DIRECTION                         ",COLLISION WITH PEDALCYCLE                         ,RAIN                                              ,,DAYLIGHT                                          ,WET                                               ,TRAFFIC CONTROL SIGNAL                            ,YES                                               ,NOT AT INTERSECTION                               ,"TWO-WAY, NOT DIVIDED                              ",25 ,BUS SEATS MORE THAN 15 PEOPLE                     ,,NO APPARENT INJURY                                ,POSSIBLE INJURY                                   ,,,MALE                                              ,MALE                                              ,1.0,,,CYCLIST                                           ,2021,10,27,19,2,False,False,Fall
2021-10-19 09:05:00,Tuesday,MASSACHUSETTS AVENUE,PEARL STREET,MASSACHUSETTS AVENUE_AND_PEARL STREET,42.369333,-71.11075,ANGLE                                             ,COLLISION WITH PEDALCYCLE                         ,CLEAR                                             ,,DAYLIGHT                                          ,DRY                                               ,NO CONTROLS                                       ,,T-INTERSECTION                                    ,"TWO-WAY, NOT DIVIDED                              ",25 ,"SINGLE UNIT TRUCK (2 AXLES, 6 TIRES)              ",,NO APPARENT INJURY                                ,SUSPECTED MINOR INJURY                            ,,,MALE                                              ,FEMALE                                            ,1.0,,,CYCLIST                                           ,2021,10,19,9,1,False,True,Fall
2021-10-13 20:14:00,Wednesday,CAMBRIDGE STREET,,CAMBRIDGE STREET,42.37230041666667,-71.08960208333333,ANGLE                                             ,COLLISION WITH PEDALCYCLE                         ,CLEAR                                             ,,DUSK                                              ,DRY                                               ,SCHOOL ZONE SIGNS                                 ,,NOT AT INTERSECTION                               ,"TWO-WAY, NOT DIVIDED                              ",25 ,PASSENGER CAR                                     ,,NO APPARENT INJURY                                ,POSSIBLE INJURY                                   ,,,MALE                                              ,FEMALE                                            ,1.0,,,CYCLIST                                           ,2021,10,13,20,2,False,False,Fall
2021-10-08 16:50:00,Friday,HAMPSHIRE STREET,,HAMPSHIRE STREET,42.367,-71.09264,"SIDESWIPE, SAME DIRECTION                         ",COLLISION WITH PEDALCYCLE                         ,CLEAR                                             ,,DAYLIGHT                                          ,DRY                                               ,NO CONTROLS                                       ,YES                                               ,NOT AT INTERSECTION                               ,"TWO-WAY, DIVIDED, UNPROTECTED MEDIAN              ",25 ,PASSENGER CAR                                     ,,NO APPARENT INJURY                                ,SUSPECTED MINOR INJURY                            ,60.0,31.0,MALE                                              ,MALE                                              ,1.0,,,CYCLIST                                           ,2021,10,8,16,4,False,True,Fall
2021-09-30 12:43:00,Thursday,MASSACHUSETTS AVENUE,,MASSACHUSETTS AVENUE,42.36774,-71.10755,SINGLE VEHICLE CRASH                              ,COLLISION WITH PEDALCYCLE                         ,CLEAR                                             ,CLEAR                                             ,DAYLIGHT                                          ,DRY                                               ,NO CONTROLS                                       ,,NOT AT INTERSECTION                               ,"TWO-WAY, NOT DIVIDED                              ",25 ,PASSENGER CAR                                     ,,NO APPARENT INJURY                                ,SUSPECTED MINOR INJURY                            ,,,MALE                                              ,FEMALE                                            ,1.0,,,CYCLIST                                           ,2021,9,30,12,3,False,False,Fall
2021-09-24 18:00:00,Friday,MASSACHUSETTS AVENUE,BEECH STREET,BEECH STREET_AND_MASSACHUSETTS AVENUE,42.369333,-71.11075,"SIDESWIPE, SAME DIRECTION                         ",COLLISION WITH PEDALCYCLE                         ,UNKNOWN                                           ,,UNKNOWN                                           ,UNKNOWN                                           ,TRAFFIC CONTROL SIGNAL                            ,YES                                               ,T-INTERSECTION                                    ,"TWO-WAY, DIVIDED, POSITIVE MEDIAN BARRIER         ",25 ,PASSENGER CAR                                     ,,SUSPECTED SERIOUS INJURY                          ,,,,MALE                                              ,,1.0,,CYCLIST                                           ,,2021,9,24,18,4,False,True,Fall
2021-09-16 12:02:00,Thursday,BRATTLE,,BRATTLE,42.37346,-71.12105,ANGLE                                             ,COLLISION WITH PEDALCYCLE                         ,CLOUDY                                            ,CLOUDY                                            ,DAYLIGHT                                          ,WET                                               ,NO CONTROLS                                       ,YES                                               ,NOT AT INTERSECTION                               ,UNKNOWN                                           ,25 ,UNKNOWN HEAVY TRUCK                               ,,NO APPARENT INJURY                                ,SUSPECTED MINOR INJURY                            ,35.0,,MALE                                              ,MALE                                              ,1.0,,,CYCLIST                                           ,2021,9,16,12,3,False,False,Fall
2021-09-15 11:05:00,Wednesday,VASSAR ST,,VASSAR ST,42.36134,-71.09242,SINGLE VEHICLE CRASH                              ,COLLISION WITH PEDALCYCLE                         ,CLEAR                                             ,,DAYLIGHT                                          ,DRY                                               ,NO CONTROLS                                       ,,NOT AT INTERSECTION                               ,"TWO-WAY, DIVIDED, UNPROTECTED MEDIAN              ",25 ,PASSENGER CAR                                     ,,NO APPARENT INJURY                                ,SUSPECTED SERIOUS INJURY                          ,,,FEMALE                                            ,FEMALE                                            ,1.0,,,CYCLIST                                           ,2021,9,15,11,2,False,False,Fall
2021-08-26 09:45:00,Thursday,HAMPSHIRE STREET,,HAMPSHIRE STREET,42.3668,-71.0924,ANGLE                                             ,COLLISION WITH PEDALCYCLE                         ,CLEAR                                             ,,DAYLIGHT                                          ,DRY                                               ,NO CONTROLS                                       ,,NOT AT INTERSECTION                               ,"TWO-WAY, NOT DIVIDED                              ",25 ,"LIGHT TRUCK(VAN, MINI VAN, PICK-UP, SPORT UTILITY)",,SUSPECTED MINOR INJURY                            ,NO APPARENT INJURY                                ,,,MALE                                              ,MALE                                              ,1.0,1.0,PEDESTRIAN                                        ,,2021,8,26,9,3,False,True,Summer
2021-08-03 13:05:00,Tuesday,MASSACHUSETTS AVENUE,,MASSACHUSETTS AVENUE,42.36533,-71.10359,ANGLE                                             ,COLLISION WITH PEDALCYCLE                         ,CLEAR                                             ,,DAYLIGHT                                          ,DRY                                               ,NO CONTROLS                                       ,NO                                                ,NOT AT INTERSECTION                               ,"TWO-WAY, NOT DIVIDED                              ",25 ,PASSENGER CAR                                     ,,NO APPARENT INJURY                                ,,,,MALE                                              ,FEMALE                                            ,1.0,,,,2021,8,3,13,1,False,False,Summer
2021-07-18 23:27:00,Sunday,MAIN STREET,,MAIN STREET,42.36292,-71.09289,SINGLE VEHICLE CRASH                              ,COLLISION WITH PEDALCYCLE                         ,CLOUDY                                            ,,DARK - LIGHTED ROADWAY                            ,DRY                                               ,NO CONTROLS                                       ,,NOT AT INTERSECTION                               ,"TWO-WAY, NOT DIVIDED                              ",25 ,PASSENGER CAR                                     ,,NO APPARENT INJURY                                ,NO APPARENT INJURY                                ,,,MALE                                              ,MALE                                              ,1.0,,,CYCLIST                                           ,2021,7,18,23,6,True,False,Summer
2021-07-07 06:16:00,Wednesday,MASSACHUSETTS AVENUE,CHURCH ST,CHURCH ST_AND_MASSACHUSETTS AVENUE,42.369333,-71.11075,ANGLE                                             ,COLLISION WITH PEDALCYCLE                         ,CLEAR                                             ,,DAWN                                              ,DRY                                               ,NO CONTROLS                                       ,,T-INTERSECTION                                    ,"TWO-WAY, DIVIDED, POSITIVE MEDIAN BARRIER         ",25 ,UNKNOWN HEAVY TRUCK                               ,,NO APPARENT INJURY                                ,SUSPECTED MINOR INJURY                            ,,,MALE                                              ,MALE                                              ,1.0,,,CYCLIST                                           ,2021,7,7,6,2,False,False,Summer
2021-05-19 13:23:00,Wednesday,GRANITE,,GRANITE,42.35621,-71.1124,ANGLE                                             ,COLLISION WITH PEDALCYCLE                         ,CLEAR                                             ,,DAYLIGHT                                          ,DRY                                               ,NO CONTROLS                                       ,,NOT AT INTERSECTION                               ,"ONE-WAY, NOT DIVIDED                              ",25 ,"LIGHT TRUCK(VAN, MINI VAN, PICK-UP, SPORT UTILITY)",,NO APPARENT INJURY                                ,SUSPECTED MINOR INJURY                            ,,,FEMALE                                            ,MALE                                              ,1.0,,,CYCLIST                                           ,2021,5,19,13,2,False,False,Spring
2021-05-10 13:48:00,Monday,MASSACHUSETTS AVENUE,ALBANY STREET,ALBANY STREET_AND_MASSACHUSETTS AVENUE,42.369333,-71.11075,ANGLE                                             ,COLLISION WITH PEDALCYCLE                         ,CLEAR                                             ,,DAYLIGHT                                          ,DRY                                               ,TRAFFIC CONTROL SIGNAL                            ,YES                                               ,T-INTERSECTION                                    ,"TWO-WAY, NOT DIVIDED                              ",25 ,PASSENGER CAR                                     ,,NO APPARENT INJURY                                ,SUSPECTED MINOR INJURY                            ,,,MALE                                              ,FEMALE                                            ,1.0,,,CYCLIST                                           ,2021,5,10,13,0,False,False,Spring
2021-03-11 07:40:00,Thursday,CAMBRIDGE STREET,,CAMBRIDGE STREET,42.37230041666667,-71.08960208333333,"SIDESWIPE, SAME DIRECTION                         ",COLLISION WITH PEDALCYCLE                         ,CLEAR                                             ,,DAYLIGHT                                          ,DRY                                               ,NO CONTROLS                                       ,NO                                                ,NOT AT INTERSECTION                               ,"TWO-WAY, NOT DIVIDED                              ",25 ,PASSENGER CAR                                     ,,NO APPARENT INJURY                                ,,,,MALE                                              ,UNKNOWN                                           ,1.0,,,,2021,3,11,7,3,False,True,Spring
2021-01-11 13:27:00,Monday,WHITE,,WHITE,42.38921,-71.11929,REAR-END                                          ,COLLISION WITH PEDALCYCLE                         ,CLEAR                                             ,CLEAR                                             ,DAYLIGHT                                          ,DRY                                               ,NO CONTROLS                                       ,YES                                               ,DRIVEWAY                                          ,"ONE-WAY, NOT DIVIDED                              ",25 ,PASSENGER CAR                                     ,,NO APPARENT INJURY                                ,POSSIBLE INJURY                                   ,,39.0,MALE                                              ,MALE                                              ,1.0,,,CYCLIST                                           ,2021,1,11,13,0,False,False,Winter
2021-01-06 12:08:00,Wednesday,ALBANY STREET,MASSACHUSETTS AVENUE,ALBANY STREET_AND_MASSACHUSETTS AVENUE,42.369333,-71.11075,ANGLE                                             ,COLLISION WITH PEDALCYCLE                         ,CLEAR                                             ,,DAYLIGHT                                          ,DRY                                               ,TRAFFIC CONTROL SIGNAL                            ,YES                                               ,FOUR WAY INTERSECTION                             ,"TWO-WAY, NOT DIVIDED                              ",25 ,"LIGHT TRUCK(VAN, MINI VAN, PICK-UP, SPORT UTILITY)",,NO APPARENT INJURY                                ,,,,MALE                                              ,,1.0,,,,2021,1,6,12,2,False,False,Winter
2020-11-29 11:30:00,Sunday,HAMPSHIRE STREET,,HAMPSHIRE STREET,42.37313,-71.1001,HEAD ON                                           ,COLLISION WITH PEDALCYCLE                         ,CLEAR                                             ,,DAYLIGHT                                          ,DRY                                               ,NO CONTROLS                                       ,,NOT AT INTERSECTION                               ,"TWO-WAY, NOT DIVIDED                              ",20 ,PASSENGER CAR                                     ,OTHER                                             ,NO APPARENT INJURY                                ,SUSPECTED MINOR INJURY                            ,,,MALE                                              ,FEMALE                                            ,1.0,1.0,,CYCLIST                                           ,2020,11,29,11,6,True,False,Fall
2020-11-19 15:29:00,Thursday,MASSACHUSETTS AVENUE,,MASSACHUSETTS AVENUE,42.37317,-71.1181,HEAD ON                                           ,COLLISION WITH PEDALCYCLE                         ,CLEAR                                             ,CLEAR                                             ,DAYLIGHT                                          ,DRY                                               ,NO CONTROLS                                       ,YES                                               ,NOT AT INTERSECTION                               ,"ONE-WAY, NOT DIVIDED                              ",20 ,,,NO APPARENT INJURY                                ,SUSPECTED MINOR INJURY                            ,,,FEMALE                                            ,MALE                                              ,1.0,1.0,CYCLIST                                           ,PEDESTRIAN                                        ,2020,11,19,15,3,False,False,Fall
2020-11-05 19:25:00,Thursday,MASSACHUSETTS AVENUE,CHURCH HILL AVE,CHURCH HILL AVE_AND_MASSACHUSETTS AVENUE,42.369333,-71.11075,"SIDESWIPE, SAME DIRECTION                         ",COLLISION WITH PEDALCYCLE                         ,CLEAR                                             ,,DARK - LIGHTED ROADWAY                            ,DRY                                               ,TRAFFIC CONTROL SIGNAL                            ,YES                                               ,T-INTERSECTION                                    ,"TWO-WAY, DIVIDED, UNPROTECTED MEDIAN              ",25 ,"LIGHT TRUCK(VAN, MINI VAN, PICK-UP, SPORT UTILITY)",,NO APPARENT INJURY                                ,,,,MALE                                              ,,1.0,,,,2020,11,5,19,3,False,False,Fall
2020-10-24 14:10:00,Saturday,MASSACHUSETTS,,MASSACHUSETTS,42.36915,-71.10939,"SIDESWIPE, SAME DIRECTION                         ",COLLISION WITH PEDALCYCLE                         ,CLEAR                                             ,CLEAR                                             ,DAYLIGHT                                          ,DRY                                               ,NO CONTROLS                                       ,YES                                               ,NOT AT INTERSECTION                               ,"TWO-WAY, DIVIDED, POSITIVE MEDIAN BARRIER         ",25 ,PASSENGER CAR                                     ,,NO APPARENT INJURY                                ,POSSIBLE INJURY                                   ,57.0,20.0,MALE                                              ,FEMALE                                            ,1.0,,,CYCLIST                                           ,2020,10,24,14,5,True,False,Fall
2020-10-13 11:49:00,Tuesday,SIDENY STREET,,SIDENY STREET,42.3607,-71.10206,ANGLE                                             ,COLLISION WITH PEDALCYCLE                         ,RAIN                                              ,CLOUDY                                            ,DAYLIGHT                                          ,WET                                               ,NO CONTROLS                                       ,,T-INTERSECTION                                    ,"TWO-WAY, NOT DIVIDED                              ",UNK,"SINGLE UNIT TRUCK (2 AXLES, 6 TIRES)              ",,NO APPARENT INJURY                                ,UNKNOWN                                           ,57.0,34.0,MALE                                              ,MALE                                              ,1.0,,,CYCLIST                                           ,2020,10,13,11,1,False,False,Fall
2020-10-09 19:16:00,Friday,CAMERON AVENUE,,CAMERON AVENUE,42.39829,-71.12925,ANGLE                                             ,COLLISION WITH PEDALCYCLE                         ,CLEAR                                             ,,DAYLIGHT                                          ,DRY                                               ,NO CONTROLS                                       ,,NOT AT INTERSECTION                               ,"TWO-WAY, NOT DIVIDED                              ",25 ,PASSENGER CAR                                     ,,NO APPARENT INJURY                                ,,,,FEMALE                                            ,,1.0,,,,2020,10,9,19,4,False,False,Fall
2020-09-24 15:53:00,Thursday,CAMBRIDGE STREET,,CAMBRIDGE STREET,42.37095,-71.07922,"SIDESWIPE, SAME DIRECTION                         ",COLLISION WITH PEDALCYCLE                         ,CLEAR                                             ,CLEAR                                             ,DAYLIGHT                                          ,DRY                                               ,TRAFFIC CONTROL SIGNAL                            ,YES                                               ,NOT AT INTERSECTION                               ,"TWO-WAY, NOT DIVIDED                              ",25 ,PASSENGER CAR                                     ,,NO APPARENT INJURY                                ,NO APPARENT INJURY                                ,,,FEMALE                                            ,FEMALE                                            ,1.0,,,,2020,9,24,15,3,False,False,Fall
2020-09-04 16:58:00,Friday,OXFORD STREET,,OXFORD STREET,42.37904666666666,-71.11654333333333,ANGLE                                             ,COLLISION WITH PEDALCYCLE                         ,CLEAR                                             ,,DAYLIGHT                                          ,DRY                                               ,STOP SIGNS                                        ,YES                                               ,"RAILWAY, GRADE CROSSING                           ","TWO-WAY, NOT DIVIDED                              ",25 ,PASSENGER CAR                                     ,,NO APPARENT INJURY                                ,SUSPECTED MINOR INJURY                            ,,,MALE                                              ,FEMALE                                            ,1.0,,,CYCLIST                                           ,2020,9,4,16,4,False,True,Fall
2020-08-31 10:06:00,Monday,GARDEN STREET,,GARDEN STREET,42.37592,-71.12091,"SIDESWIPE, SAME DIRECTION                         ",COLLISION WITH PEDALCYCLE                         ,CLEAR                                             ,,DAYLIGHT                                          ,DRY                                               ,NO CONTROLS                                       ,,NOT AT INTERSECTION                               ,"TWO-WAY, DIVIDED, UNPROTECTED MEDIAN              ",25 ,"LIGHT TRUCK(VAN, MINI VAN, PICK-UP, SPORT UTILITY)",,NO APPARENT INJURY                                ,,,,FEMALE                                            ,MALE                                              ,1.0,,,,2020,8,31,10,0,False,False,Summer
2020-08-18 09:42:00,Tuesday,MASSACHUSETTS AVENUE,,MASSACHUSETTS AVENUE,42.37386,-71.11888,"SIDESWIPE, SAME DIRECTION                         ",COLLISION WITH PEDALCYCLE                         ,CLEAR                                             ,,DAYLIGHT                                          ,DRY                                               ,TRAFFIC CONTROL SIGNAL                            ,YES                                               ,NOT AT INTERSECTION                               ,"ONE-WAY, NOT DIVIDED                              ",25 ,TRACTOR / SEMI-TRIALER                            ,,UNKNOWN                                           ,FATAL INJURY                                      ,,,MALE                                              ,MALE                                              ,1.0,,,CYCLIST                                           ,2020,8,18,9,1,False,True,Summer