Date Time,Day of Week,Street Name Cleaned,Cross Street Cleaned,Intersection_ID,Latitude,Longitude,Manner of Collision,First Harmful Event,Weather Condition 1,Weather Condition 2,Ambient Light,Road Surface Condition,Traffic Control Device Type,Traffic Control Device Functionality,Roadway Junction Type,Trafficway Description,Speed Limit,Object 1,Object 2,P1 Injury,P2 Injury,P1 Age,P2 Age,P1 Sex,P2 Sex,May involve cyclist,May Involve Pedestrian,P1 Non Motorist Desc,P2 Non Motorist Desc,Year,Month,Day,Hour,Day_of_Week_Num,Is_Weekend,Is_Rush_Hour,Season
2020-08-05 18:24:00,Wednesday,WHITE STREET,,WHITE STREET,42.3889,-71.11837,ANGLE                                             ,COLLISION WITH PEDALCYCLE                         ,CLEAR                                             ,,DAYLIGHT                                          ,DRY                                               ,NO CONTROLS                                       ,,NOT AT INTERSECTION                               ,"ONE-WAY, NOT DIVIDED                              ",25 ,PASSENGER CAR                                     ,,NO APPARENT INJURY                                ,SUSPECTED MINOR INJURY                            ,,,MALE                                              ,MALE                                              ,1.0,,,CYCLIST                                           ,2020,8,5,18,2,False,True,Summer
2020-08-01 17:38:00,Saturday,EDUCATION ST,,EDUCATION ST,42.36964,-71.07106,HEAD ON                                           ,COLLISION WITH PEDALCYCLE                         ,CLEAR                                             ,,DAYLIGHT                                          ,DRY                                               ,NO CONTROLS                                       ,,NOT AT INTERSECTION                               ,"TWO-WAY, NOT DIVIDED                              ",25 ,PASSENGER CAR                                     ,,SUSPECTED MINOR INJURY                            ,,,,MALE                                              ,FEMALE                                            ,1.0,,CYCLIST                                           ,,2020,8,1,17,5,True,True,Summer
2020-06-21 16:51:00,Sunday,CAMBRIDGE STREET,,CAMBRIDGE STREET,42.37421,-71.10445,SINGLE VEHICLE CRASH                              ,COLLISION WITH PEDALCYCLE                         ,CLOUDY                                            ,,DAYLIGHT                                          ,DRY                                               ,NO CONTROLS                                       ,YES                                               ,NOT AT INTERSECTION                               ,"TWO-WAY, NOT DIVIDED                              ",25 ,"LIGHT TRUCK(VAN, MINI VAN, PICK-UP, SPORT UTILITY)",,NO APPARENT INJURY                                ,NO APPARENT INJURY                                ,,,MALE                                              ,MALE                                              ,1.0,,,,2020,6,21,16,6,True,True,Summer
2020-05-26 19:01:00,Tuesday,MASSACHUSETTS AVENUE,PEARL STREET,MASSACHUSETTS AVENUE_AND_PEARL STREET,42.369333,-71.11075,ANGLE                                             ,COLLISION WITH PEDALCYCLE                         ,CLEAR                                             ,CLEAR                                             ,DARK - LIGHTED ROADWAY                            ,DRY                                               ,NO CONTROLS                                       ,NO                                                ,T-INTERSECTION                                    ,"ONE-WAY, NOT DIVIDED                              ",25 ,PASSENGER CAR                                     ,,NO APPARENT INJURY                                ,SUSPECTED MINOR INJURY                            ,,18.0,MALE                                              ,FEMALE                                            ,1.0,1.0,,CYCLIST                                           ,2020,5,26,19,1,False,False,Spring
2020-03-16 14:28:00,Monday,CAMBRIDGE STREET,,CAMBRIDGE STREET,42.37221,-71.0891,ANGLE                                             ,COLLISION WITH PEDALCYCLE                         ,CLEAR                                             ,,DAYLIGHT                                          ,DRY                                               ,NO CONTROLS                                       ,NO                                                ,NOT AT INTERSECTION                               ,"TWO-WAY, NOT DIVIDED                              ",25 ,PASSENGER CAR                                     ,,NO APPARENT INJURY                                ,SUSPECTED MINOR INJURY                            ,,,MALE                                              ,MALE                                              ,1.0,,,CYCLIST                                           ,2020,3,16,14,0,False,False,Spring
2020-03-06 19:26:00,Friday,BROADWAY,,BROADWAY,42.36617,-71.09302,SINGLE VEHICLE CRASH                              ,COLLISION WITH PEDALCYCLE                         ,CLEAR                                             ,,DARK - LIGHTED ROADWAY                            ,DRY                                               ,NO CONTROLS                                       ,YES                                               ,NOT AT INTERSECTION                               ,"TWO-WAY, NOT DIVIDED                              ",25 ,PASSENGER CAR                                     ,,NO APPARENT INJURY                                ,,,,FEMALE                                            ,,1.0,,,,2020,3,6,19,4,False,False,Spring
2020-03-02 13:35:00,Monday,MASSACHUSETTS AVENUE,NORFOLD ST,MASSACHUSETTS AVENUE_AND_NORFOLD ST,42.369333,-71.11075,"SIDESWIPE, OPPOSITE DIRECTION                     ",COLLISION WITH PEDALCYCLE                         ,CLEAR                                             ,,DAYLIGHT                                          ,DRY                                               ,NO CONTROLS                                       ,NO                                                ,T-INTERSECTION                                    ,"TWO-WAY, DIVIDED, UNPROTECTED MEDIAN              ",25 ,PASSENGER CAR                                     ,,NO APPARENT INJURY                                ,NO APPARENT INJURY                                ,,,MALE                                              ,MALE                                              ,1.0,,,CYCLIST                                           ,2020,3,2,13,0,False,False,Spring
2020-02-07 18:50:00,Friday,GARDEN STREET,,GARDEN STREET,42.37592,-71.12091,"SIDESWIPE, SAME DIRECTION                         ",COLLISION WITH PEDALCYCLE                         ,CLEAR                                             ,,DUSK                                              ,DRY                                               ,UNKNOWN                                           ,,NOT AT INTERSECTION                               ,"TWO-WAY, NOT DIVIDED                              ",25 ,"LIGHT TRUCK(VAN, MINI VAN, PICK-UP, SPORT UTILITY)",,POSSIBLE INJURY                                   ,,,,FEMALE                                            ,FEMALE                                            ,1.0,,CYCLIST                                           ,,2020,2,7,18,4,False,True,Winter
2020-02-05 17:26:00,Wednesday,HAMPSHIRE STREET,,HAMPSHIRE STREET,42.36983764705883,-71.0960894117647,ANGLE                                             ,COLLISION WITH PEDALCYCLE                         ,CLOUDY                                            ,,DUSK                                              ,DRY                                               ,NO CONTROLS                                       ,,NOT AT INTERSECTION                               ,"TWO-WAY, NOT DIVIDED                              ",25 ,PASSENGER CAR                                     ,,NO APPARENT INJURY                                ,NO APPARENT INJURY                                ,,,MALE                                              ,MALE                                              ,1.0,,CYCLIST                                           ,,2020,2,5,17,2,False,True,Winter
2020-01-23 20:56:00,Thursday,MASSACHUSETTS AVENUE,,MASSACHUSETTS AVENUE,42.36171,-71.09748,ANGLE                                             ,COLLISION WITH PEDALCYCLE                         ,CLOUDY                                            ,,DARK - LIGHTED ROADWAY                            ,DRY                                               ,STOP SIGNS                                        ,YES                                               ,T-INTERSECTION                                    ,"TWO-WAY, NOT DIVIDED                              ",25 ,"LIGHT TRUCK(VAN, MINI VAN, PICK-UP, SPORT UTILITY)",,NO APPARENT INJURY                                ,,,,FEMALE                                            ,MALE                                              ,1.0,,CYCLIST                                           ,,2020,1,23,20,3,False,False,Winter
2020-01-21 16:24:00,Tuesday,MASSACHUSETTS AVENUE,,MASSACHUSETTS AVENUE,42.38549,-71.11929,ANGLE                                             ,COLLISION WITH PEDALCYCLE                         ,CLOUDY                                            ,,DAYLIGHT                                          ,DRY                                               ,NO CONTROLS                                       ,,T-INTERSECTION                                    ,"TWO-WAY, DIVIDED, POSITIVE MEDIAN BARRIER         ",25 ,PASSENGER CAR                                     ,,NO APPARENT INJURY                                ,POSSIBLE INJURY                                   ,,,FEMALE                                            ,MALE                                              ,1.0,,,CYCLIST                                           ,2020,1,21,16,1,False,True,Winter
2020-01-17 20:01:00,Friday,MASSACHUSETTS AVENUE,,MASSACHUSETTS AVENUE,42.37544081818183,-71.11253827272726,ANGLE                                             ,COLLISION WITH PEDALCYCLE                         ,CLOUDY                                            ,,DUSK                                              ,DRY                                               ,TRAFFIC CONTROL SIGNAL                            ,YES                                               ,NOT AT INTERSECTION                               ,"TWO-WAY, NOT DIVIDED                              ",25 ,PASSENGER CAR                                     ,,NO APPARENT INJURY                                ,,,,FEMALE                                            ,MALE                                              ,1.0,,CYCLIST                                           ,,2020,1,17,20,4,False,False,Winter
2020-01-15 19:09:00,Wednesday,MASSACHUSETTS AVENUE,,MASSACHUSETTS AVENUE,42.37407,-71.11888,"SIDESWIPE, SAME DIRECTION                         ",COLLISION WITH PEDALCYCLE                         ,CLEAR                                             ,,DUSK                                              ,DRY                                               ,NO CONTROLS                                       ,,NOT AT INTERSECTION                               ,"TWO-WAY, NOT DIVIDED                              ",25 ,PASSENGER CAR                                     ,,SUSPECTED MINOR INJURY                            ,,,,FEMALE                                            ,UNKNOWN                                           ,1.0,1.0,CYCLIST                                           ,,2020,1,15,19,2,False,False,Winter
2020-01-09 07:57:00,Thursday,MASSACHUSETTS AVENUE,PORTER ROAD,MASSACHUSETTS AVENUE_AND_PORTER ROAD,42.369333,-71.11075,ANGLE                                             ,COLLISION WITH PEDALCYCLE                         ,CLEAR                                             ,,DAYLIGHT                                          ,DRY                                               ,NO CONTROLS                                       ,,T-INTERSECTION                                    ,"TWO-WAY, DIVIDED, UNPROTECTED MEDIAN              ",25 ,"LIGHT TRUCK(VAN, MINI VAN, PICK-UP, SPORT UTILITY)",,NO APPARENT INJURY                                ,SUSPECTED MINOR INJURY                            ,,,MALE                                              ,MALE                                              ,1.0,,,CYCLIST                                           ,2020,1,9,7,3,False,True,Winter
2020-01-02 17:54:00,Thursday,MASSACHUSETTS AVENUE,,MASSACHUSETTS AVENUE,42.37323,-71.11829,"SIDESWIPE, SAME DIRECTION                         ",COLLISION WITH PEDALCYCLE                         ,CLEAR                                             ,,DARK - LIGHTED ROADWAY                            ,DRY                                               ,TRAFFIC CONTROL SIGNAL                            ,YES                                               ,NOT AT INTERSECTION                               ,"ONE-WAY, NOT DIVIDED                              ",20 ,PASSENGER CAR                                     ,,NO APPARENT INJURY                                ,NO APPARENT INJURY                                ,,,MALE                                              ,FEMALE                                            ,1.0,,,,2020,1,2,17,3,False,True,Winter
2019-12-13 09:00:00,Friday,EDUCATION CIRCLE,,EDUCATION CIRCLE,42.36983,-71.06975,SINGLE VEHICLE CRASH                              ,COLLISION WITH PEDALCYCLE                         ,CLEAR                                             ,,DAYLIGHT                                          ,DRY                                               ,NO CONTROLS                                       ,,NOT AT INTERSECTION                               ,"TWO-WAY, DIVIDED, UNPROTECTED MEDIAN              ",25 ,PASSENGER CAR                                     ,,NO APPARENT INJURY                                ,NO APPARENT INJURY                                ,,,MALE                                              ,MALE                                              ,1.0,,,,2019,12,13,9,4,False,True,Winter
2019-12-09 10:31:00,Monday,ALBANY STREET,MASSACHUSETTS AVENUE,ALBANY STREET_AND_MASSACHUSETTS AVENUE,42.369333,-71.11075,ANGLE                                             ,COLLISION WITH PEDALCYCLE                         ,RAIN                                              ,CLOUDY                                            ,DAYLIGHT                                          ,WET                                               ,TRAFFIC CONTROL SIGNAL                            ,YES                                               ,FOUR WAY INTERSECTION                             ,"TWO-WAY, NOT DIVIDED                              ",25 ,PASSENGER CAR                                     ,,NO APPARENT INJURY                                ,NO APPARENT INJURY                                ,,,FEMALE                                            ,FEMALE                                            ,1.0,,,CYCLIST                                           ,2019,12,9,10,0,False,False,Winter
2019-11-04 19:52:00,Monday,MASSACHUSETTS AVENUE,,MASSACHUSETTS AVENUE,42.38211,-71.11967,"SIDESWIPE, SAME DIRECTION                         ",COLLISION WITH PEDALCYCLE                         ,CLEAR                                             ,,DARK - LIGHTED ROADWAY                            ,DRY                                               ,NO CONTROLS                                       ,YES                                               ,NOT AT INTERSECTION                               ,"TWO-WAY, DIVIDED, UNPROTECTED MEDIAN              ",20 ,PASSENGER CAR                                     ,,NO APPARENT INJURY                                ,NO APPARENT INJURY                                ,,,MALE                                              ,MALE                                              ,1.0,,,,2019,11,4,19,0,False,False,Fall
2019-10-16 15:32:00,Wednesday,MASSACHUSETTS AVENUE,TROWBRIDGE STREET,MASSACHUSETTS AVENUE_AND_TROWBRIDGE STREET,42.369333,-71.11075,ANGLE                                             ,COLLISION WITH PEDALCYCLE                         ,CLEAR                                             ,CLOUDY                                            ,DAYLIGHT                                          ,DRY                                               ,TRAFFIC CONTROL SIGNAL                            ,YES                                               ,T-INTERSECTION                                    ,"ONE-WAY, NOT DIVIDED                              ",UNK,PASSENGER CAR                                     ,,NO APPARENT INJURY                                ,SUSPECTED MINOR INJURY                            ,34.0,17.0,FEMALE                                            ,MALE                                              ,1.0,,,CYCLIST                                           ,2019,10,16,15,2,False,False,Fall
2019-10-15 09:25:00,Tuesday,MASSACHUSETTS AVENUE,PORTER RD,MASSACHUSETTS AVENUE_AND_PORTER RD,42.369333,-71.11075,ANGLE                                             ,COLLISION WITH PEDALCYCLE                         ,CLEAR                                             ,,DAYLIGHT                                          ,DRY                                               ,NO CONTROLS                                       ,,T-INTERSECTION                                    ,"TWO-WAY, DIVIDED, POSITIVE MEDIAN BARRIER         ",25 ,PASSENGER CAR                                     ,,UNKNOWN                                           ,SUSPECTED MINOR INJURY                            ,,,MALE                                              ,FEMALE                                            ,1.0,,,CYCLIST                                           ,2019,10,15,9,1,False,True,Fall
2019-10-14 20:44:00,Monday,MAIN STREET,,MAIN STREET,42.36293,-71.09297,SINGLE VEHICLE CRASH                              ,COLLISION WITH PEDALCYCLE                         ,CLEAR                                             ,,DARK - LIGHTED ROADWAY                            ,DRY                                               ,NO CONTROLS                                       ,YES                                               ,NOT AT INTERSECTION                               ,"TWO-WAY, NOT DIVIDED                              ",25 ,PASSENGER CAR                                     ,,NO APPARENT INJURY                                ,SUSPECTED MINOR INJURY                            ,,,MALE                                              ,FEMALE                                            ,1.0,,,CYCLIST                                           ,2019,10,14,20,0,False,False,Fall
2019-10-13 17:23:00,Sunday,VASSAR STREET,,VASSAR STREET,42.358598,-71.096431,SINGLE VEHICLE CRASH                              ,COLLISION WITH PEDALCYCLE                         ,CLEAR                                             ,,DAYLIGHT                                          ,DRY                                               ,NO CONTROLS                                       ,,NOT AT INTERSECTION                               ,"TWO-WAY, DIVIDED, UNPROTECTED MEDIAN              ",25 ,PASSENGER CAR                                     ,,NO APPARENT INJURY                                ,SUSPECTED MINOR INJURY                            ,,,MALE                                              ,MALE                                              ,1.0,,,CYCLIST                                           ,2019,10,13,17,6,True,True,Fall
2019-10-02 16:41:00,Wednesday,MASSACHUSETTS AVENUE,,MASSACHUSETTS AVENUE,42.36163,-71.09734,"SIDESWIPE, SAME DIRECTION                         ",COLLISION WITH PEDALCYCLE                         ,RAIN                                              ,CLOUDY                                            ,DAYLIGHT                                          ,WET                                               ,NO CONTROLS                                       ,YES                                               ,NOT AT INTERSECTION                               ,"TWO-WAY, NOT DIVIDED                              ",25 ,PASSENGER CAR                                     ,,NO APPARENT INJURY                                ,NO APPARENT INJURY                                ,,,FEMALE                                            ,FEMALE                                            ,1.0,,,,2019,10,2,16,2,False,True,Fall
2019-09-27 17:55:00,Friday,CAMBRIDGE STREET,,CAMBRIDGE STREET,42.3709,-71.07883,SINGLE VEHICLE CRASH                              ,COLLISION WITH PEDALCYCLE                         ,CLEAR                                             ,,DAYLIGHT                                          ,DRY                                               ,NO CONTROLS                                       ,YES                                               ,NOT AT INTERSECTION                               ,"TWO-WAY, NOT DIVIDED                              ",20 ,PASSENGER CAR                                     ,,NO APPARENT INJURY                                ,NO APPARENT INJURY                                ,,,FEMALE                                            ,MALE                                              ,1.0,,,,2019,9,27,17,4,False,True,Fall
2019-09-18 19:51:00,Wednesday,CONCORD AVE,,CONCORD AVE,42.387420000000006,-71.14441500000001,ANGLE                                             ,COLLISION WITH PEDALCYCLE                         ,CLEAR                                             ,,DARK - LIGHTED ROADWAY                            ,DRY                                               ,TRAFFIC CONTROL SIGNAL                            ,YES                                               ,NOT AT INTERSECTION                               ,"TWO-WAY, NOT DIVIDED                              ",25 ,PASSENGER CAR                                     ,,NO APPARENT INJURY                                ,POSSIBLE INJURY                                   ,,,MALE                                              ,FEMALE                                            ,1.0,,,CYCLIST                                           ,2019,9,18,19,2,False,False,Fall
2019-09-12 16:50:00,Thursday,MASSACHUSETTS AVENUE,,MASSACHUSETTS AVENUE,42.37544081818183,-71.11253827272726,REAR-END                                          ,COLLISION WITH PEDALCYCLE                         ,CLOUDY                                            ,,DAYLIGHT                                          ,DRY                                               ,FLASHING TRAFIC CONTROL SIGNAL                    ,YES                                               ,NOT AT INTERSECTION                               ,"TWO-WAY, NOT DIVIDED                              ",25 ,PASSENGER CAR                                     ,,NO APPARENT INJURY                                ,NO APPARENT INJURY                                ,,,MALE                                              ,MALE                                              ,1.0,,,CYCLIST                                           ,2019,9,12,16,3,False,True,Fall
2019-09-11 17:17:00,Wednesday,MASS AV,,MASS AV,42.39119,-71.12245,ANGLE                                             ,COLLISION WITH PEDALCYCLE                         ,CLEAR                                             ,,DAYLIGHT                                          ,DRY                                               ,NO CONTROLS                                       ,,NOT AT INTERSECTION                               ,"TWO-WAY, DIVIDED, POSITIVE MEDIAN BARRIER         ",30 ,"LIGHT TRUCK(VAN, MINI VAN, PICK-UP, SPORT UTILITY)",,NO APPARENT INJURY                                ,NO APPARENT INJURY                                ,,,MALE                                              ,MALE                                              ,1.0,,,CYCLIST                                           ,2019,9,11,17,2,False,True,Fall
2019-09-05 08:02:00,Thursday,CAMBRIDGE PARK DRIVE,,CAMBRIDGE PARK DRIVE,42.39466,-71.1413,HEAD ON                                           ,COLLISION WITH PEDALCYCLE                         ,CLEAR                                             ,,DAYLIGHT                                          ,DRY                                               ,NO CONTROLS                                       ,,NOT AT INTERSECTION                               ,"TWO-WAY, DIVIDED, UNPROTECTED MEDIAN              ",25 ,"LIGHT TRUCK(VAN, MINI VAN, PICK-UP, SPORT UTILITY)",,NO APPARENT INJURY                                ,SUSPECTED MINOR INJURY                            ,,,FEMALE                                            ,MALE                                              ,1.0,,,CYCLIST                                           ,2019,9,5,8,3,False,True,Fall
2019-09-04 12:47:00,Wednesday,JFK STREET,,JFK STREET,42.37107,-71.12139,ANGLE                                             ,COLLISION WITH PEDALCYCLE                         ,CLEAR                                             ,,DAYLIGHT                                          ,DRY                                               ,TRAFFIC CONTROL SIGNAL                            ,YES                                               ,NOT AT INTERSECTION                               ,"TWO-WAY, NOT DIVIDED                              ",25 ,PASSENGER CAR                                     ,,NO APPARENT INJURY                                ,NO APPARENT INJURY                                ,,,MALE                                              ,FEMALE                                            ,1.0,,,,2019,9,4,12,2,False,False,Fall
2019-09-01 13:34:00,Sunday,MASSACHUSETTS AVENUE,HARVARD ST,HARVARD ST_AND_MASSACHUSETTS AVENUE,42.369333,-71.11075,ANGLE                                             ,COLLISION WITH PEDALCYCLE                         ,CLEAR                                             ,,DAYLIGHT                                          ,DRY                                               ,NO CONTROLS                                       ,,FOUR WAY INTERSECTION                             ,"ONE-WAY, NOT DIVIDED                              ",25 ,PASSENGER CAR                                     ,,NO APPARENT INJURY                                ,SUSPECTED MINOR INJURY                            ,,,MALE                                              ,MALE                                              ,1.0,,,CYCLIST                                           ,2019,9,1,13,6,True,False,Fall
2019-08-23 17:04:00,Friday,COLUMBIA ST,,COLUMBIA ST,42.36786,-71.097378,ANGLE                                             ,COLLISION WITH PEDALCYCLE                         ,CLEAR                                             ,,DAYLIGHT                                          ,DRY                                               ,NO CONTROLS                                       ,,T-INTERSECTION                                    ,"TWO-WAY, NOT DIVIDED                              ",25 ,PASSENGER CAR                                     ,,NO APPARENT INJURY                                ,SUSPECTED MINOR INJURY                            ,,,MALE                                              ,MALE                                              ,1.0,,,CYCLIST                                           ,2019,8,23,17,4,False,True,Summer
2019-08-19 13:05:00,Monday,THIRD STREET,,THIRD STREET,42.36659,-71.08189,SINGLE VEHICLE CRASH                              ,COLLISION WITH PEDALCYCLE                         ,CLEAR                                             ,OTHER                                             ,DAYLIGHT                                          ,DRY                                               ,TRAFFIC CONTROL SIGNAL                            ,,FOUR WAY INTERSECTION                             ,"TWO-WAY, NOT DIVIDED                              ",30 ,PASSENGER CAR                                     ,,NO APPARENT INJURY                                ,SUSPECTED MINOR INJURY                            ,50.0,18.0,MALE                                              ,MALE                                              ,1.0,,,CYCLIST                                           ,2019,8,19,13,0,False,False,Summer
2019-08-17 14:28:00,Saturday,MT. AUBURN STREET,,MT. AUBURN STREET,42.37544,-71.1444,SINGLE VEHICLE CRASH                              ,COLLISION WITH PEDALCYCLE                         ,CLEAR                                             ,CLEAR                                             ,DAYLIGHT                                          ,DRY                                               ,NO CONTROLS                                       ,,NOT AT INTERSECTION                               ,"TWO-WAY, DIVIDED, POSITIVE MEDIAN BARRIER         ",0  ,"LIGHT TRUCK(VAN, MINI VAN, PICK-UP, SPORT UTILITY)",,POSSIBLE INJURY                                   ,,,,FEMALE                                            ,MALE                                              ,1.0,,CYCLIST                                           ,,2019,8,17,14,5,True,False,Summer
2019-08-14 23:38:00,Wednesday,CAMBRIDGE STREET,,CAMBRIDGE STREET,42.37305,-71.0956,UNKNOWN                                           ,COLLISION WITH PEDALCYCLE                         ,CLEAR                                             ,CLEAR                                             ,DARK - LIGHTED ROADWAY                            ,DRY                                               ,NO CONTROLS                                       ,,NOT AT INTERSECTION                               ,"TWO-WAY, NOT DIVIDED                              ",25 ,PASSENGER CAR                                     ,,SUSPECTED MINOR INJURY                            ,SUSPECTED MINOR INJURY                            ,,,MALE                                              ,MALE                                              ,1.0,,,CYCLIST                                           ,2019,8,14,23,2,False,False,Summer
2019-08-14 09:39:00,Wednesday,MASSACHUSETTS AVENUE,,MASSACHUSETTS AVENUE,42.36299,-71.10069,ANGLE                                             ,COLLISION WITH PEDALCYCLE                         ,CLEAR                                             ,,DAYLIGHT                                          ,DRY                                               ,NO CONTROLS                                       ,,NOT AT INTERSECTION                               ,"TWO-WAY, NOT DIVIDED                              ",25 ,PASSENGER CAR                                     ,,,NO APPARENT INJURY                                ,,,FEMALE                                            ,MALE                                              ,1.0,,,,2019,8,14,9,2,False,True,Summer
2019-08-01 09:07:00,Thursday,MASSACHUSETTS AVENUE,,MASSACHUSETTS AVENUE,42.37452,-71.11872,ANGLE                                             ,COLLISION WITH PEDALCYCLE                         ,CLEAR                                             ,,DAYLIGHT                                          ,DRY                                               ,NO CONTROLS                                       ,,NOT AT INTERSECTION                               ,"TWO-WAY, DIVIDED, POSITIVE MEDIAN BARRIER         ",25 ,PASSENGER CAR                                     ,,NO APPARENT INJURY                                ,NO APPARENT INJURY                                ,,,FEMALE                                            ,MALE                                              ,1.0,,,,2019,8,1,9,3,False,True,Summer
2019-07-19 18:00:00,Friday,CAMBRIDGE STREET,,CAMBRIDGE STREET,42.37075,-71.07767,"SIDESWIPE, SAME DIRECTION                         ",COLLISION WITH PEDALCYCLE                         ,CLEAR                                             ,,DAYLIGHT                                          ,DRY                                               ,NO CONTROLS                                       ,,NOT AT INTERSECTION                               ,"TWO-WAY, DIVIDED, UNPROTECTED MEDIAN              ",25 ,PASSENGER CAR                                     ,,NO APPARENT INJURY                                ,SUSPECTED MINOR INJURY                            ,,,FEMALE                                            ,MALE                                              ,1.0,,,CYCLIST                                           ,2019,7,19,18,4,False,True,Summer
2019-07-19 14:58:00,Friday,COLUMBIA ST,,COLUMBIA ST,42.36786,-71.097378,UNKNOWN                                           ,COLLISION WITH PEDALCYCLE                         ,UNKNOWN                                           ,UNKNOWN                                           ,UNKNOWN                                           ,UNKNOWN                                           ,TRAFFIC CONTROL SIGNAL                            ,YES                                               ,NOT AT INTERSECTION                               ,"TWO-WAY, DIVIDED, UNPROTECTED MEDIAN              ",25 ,PASSENGER CAR                                     ,,UNKNOWN                                           ,NO APPARENT INJURY                                ,,,MALE                                              ,MALE                                              ,1.0,,,CYCLIST                                           ,2019,7,19,14,4,False,False,Summer
2019-07-18 08:55:00,Thursday,VASSAR ST,,VASSAR ST,42.35729,-71.10062,ANGLE                                             ,COLLISION WITH PEDALCYCLE                         ,RAIN                                              ,,DAYLIGHT                                          ,WET                                               ,NO CONTROLS                                       ,,NOT AT INTERSECTION                               ,"TWO-WAY, NOT DIVIDED                              ",25 ,PASSENGER CAR                                     ,,NO APPARENT INJURY                                ,,,,MALE                                              ,FEMALE                                            ,1.0,1.0,,,2019,7,18,8,3,False,True,Summer
2019-07-16 11:54:00,Tuesday,BRATTLE STREET,,BRATTLE STREET,42.37631,-71.12598,"SIDESWIPE, SAME DIRECTION                         ",COLLISION WITH PEDALCYCLE                         ,CLEAR                                             ,,DAYLIGHT                                          ,DRY                                               ,NO CONTROLS                                       ,,NOT AT INTERSECTION                               ,"TWO-WAY, DIVIDED, UNPROTECTED MEDIAN              ",25 ,PASSENGER CAR                                     ,,NO APPARENT INJURY                                ,SUSPECTED SERIOUS INJURY                          ,,,FEMALE                                            ,FEMALE                                            ,1.0,1.0,,CYCLIST                                           ,2019,7,16,11,1,False,False,Summer
2019-07-02 17:59:00,Tuesday,MASSACHUSETTS AVENUE,,MASSACHUSETTS AVENUE,42.3907,-71.12173,ANGLE                                             ,COLLISION WITH PEDALCYCLE                         ,CLEAR                                             ,,DAYLIGHT                                          ,DRY                                               ,NO CONTROLS                                       ,,NOT AT INTERSECTION                               ,"TWO-WAY, DIVIDED, POSITIVE MEDIAN BARRIER         ",25 ,PASSENGER CAR                                     ,,POSSIBLE INJURY                                   ,NO APPARENT INJURY                                ,,,FEMALE                                            ,FEMALE                                            ,1.0,,CYCLIST                                           ,,2019,7,2,17,1,False,True,Summer
2019-07-01 18:13:00,Monday,MASSACHUSETTS AVENUE,,MASSACHUSETTS AVENUE,42.39272,-71.12499,ANGLE                                             ,COLLISION WITH PEDALCYCLE                         ,CLEAR                                             ,,DAYLIGHT                                          ,DRY                                               ,TRAFFIC CONTROL SIGNAL                            ,YES                                               ,NOT AT INTERSECTION                               ,"TWO-WAY, DIVIDED, POSITIVE MEDIAN BARRIER         ",25 ,PASSENGER CAR                                     ,,NO APPARENT INJURY                                ,SUSPECTED MINOR INJURY                            ,,,FEMALE                                            ,FEMALE                                            ,1.0,,,CYCLIST                                           ,2019,7,1,18,0,False,True,Summer