Date Time,Day of Week,Street Name Cleaned,Cross Street Cleaned,Intersection_ID,Latitude,Longitude,Manner of Collision,First Harmful Event,Weather Condition 1,Weather Condition 2,Ambient Light,Road Surface Condition,Traffic Control Device Type,Traffic Control Device Functionality,Roadway Junction Type,Trafficway Description,Speed Limit,Object 1,Object 2,P1 Injury,P2 Injury,P1 Age,P2 Age,P1 Sex,P2 Sex,May involve cyclist,May Involve Pedestrian,P1 Non Motorist Desc,P2 Non Motorist Desc,Year,Month,Day,Hour,Day_of_Week_Num,Is_Weekend,Is_Rush_Hour,Season
2018-09-26 18:00:00,Wednesday,DANA STREET,,DANA STREET,42.37015,-71.11005,ANGLE                                             ,COLLISION WITH PEDALCYCLE                         ,CLEAR                                             ,,DAYLIGHT                                          ,DRY                                               ,NO CONTROLS                                       ,,NOT AT INTERSECTION                               ,"ONE-WAY, NOT DIVIDED                              ",25 ,PASSENGER CAR                                     ,,NO INJURY                                         ,NON FATAL INJURY - NON INCAPACITATING             ,,,MALE                                              ,MALE                                              ,1.0,,,CYCLIST                                           ,2018,9,26,18,2,False,True,Fall
2018-09-24 21:30:00,Monday,QUINCY ST,,QUINCY ST,42.37267,-71.11503,"SIDESWIPE, SAME DIRECTION                         ",COLLISION WITH PEDALCYCLE                         ,CLEAR                                             ,,DUSK                                              ,DRY                                               ,NO CONTROLS                                       ,YES                                               ,NOT AT INTERSECTION                               ,"ONE-WAY, NOT DIVIDED                              ",25 ,PASSENGER CAR                                     ,,NO INJURY                                         ,UNKNOWN                                           ,,,MALE                                              ,MALE                                              ,1.0,,,CYCLIST                                           ,2018,9,24,21,0,False,False,Fall
2018-09-17 13:42:00,Monday,GARDEN STREET,,GARDEN STREET,42.37592,-71.12091,"SIDESWIPE, SAME DIRECTION                         ",COLLISION WITH PEDALCYCLE                         ,CLEAR                                             ,,DAYLIGHT                                          ,DRY                                               ,NO CONTROLS                                       ,NO                                                ,NOT AT INTERSECTION                               ,"TWO-WAY, NOT DIVIDED                              ",25 ,PASSENGER CAR                                     ,,NON FATAL INJURY - NON INCAPACITATING             ,NO INJURY                                         ,,,MALE                                              ,MALE                                              ,1.0,,,,2018,9,17,13,0,False,False,Fall
2018-09-07 18:06:00,Friday,JFK STREET,,JFK STREET,42.37199,-71.12064,ANGLE                                             ,COLLISION WITH PEDALCYCLE                         ,CLEAR                                             ,,DAYLIGHT                                          ,DRY                                               ,NO CONTROLS                                       ,,NOT AT INTERSECTION                               ,"ONE-WAY, NOT DIVIDED                              ",25 ,PASSENGER CAR                                     ,,NO INJURY                                         ,NO INJURY                                         ,,,MALE                                              ,MALE                                              ,1.0,,,CYCLIST                                           ,2018,9,7,18,4,False,True,Fall
2018-09-05 12:04:00,Wednesday,MASSACHUSETTS AVENUE,PLEASANT ST,MASSACHUSETTS AVENUE_AND_PLEASANT ST,42.369333,-71.11075,ANGLE                                             ,COLLISION WITH PEDALCYCLE                         ,CLEAR                                             ,,DAYLIGHT                                          ,DRY                                               ,NO CONTROLS                                       ,NO                                                ,T-INTERSECTION                                    ,"TWO-WAY, NOT DIVIDED                              ",25 ,"SINGLE UNIT TRUCK (2 AXLES, 6 TIRES)              ",,,NO INJURY                                         ,,,UNKNOWN                                           ,MALE                                              ,1.0,,,,2018,9,5,12,2,False,False,Fall
2018-09-04 09:45:00,Tuesday,MASSACHUSETTS AVENUE,BEECH STREET,BEECH STREET_AND_MASSACHUSETTS AVENUE,42.369333,-71.11075,ANGLE                                             ,COLLISION WITH PEDALCYCLE                         ,CLEAR                                             ,,DAYLIGHT                                          ,DRY                                               ,TRAFFIC CONTROL SIGNAL                            ,YES                                               ,T-INTERSECTION                                    ,"TWO-WAY, DIVIDED, POSITIVE MEDIAN BARRIER         ",25 ,PASSENGER CAR                                     ,,NO INJURY                                         ,NON FATAL INJURY - NON INCAPACITATING             ,,,MALE                                              ,MALE                                              ,1.0,,,CYCLIST                                           ,2018,9,4,9,1,False,True,Fall
2018-08-29 20:45:00,Wednesday,MASSACHUSETTS AVENUE,WENDELL/ SHEPARD STREET,MASSACHUSETTS AVENUE_AND_WENDELL/ SHEPARD STREET,42.369333,-71.11075,ANGLE                                             ,COLLISION WITH PEDALCYCLE                         ,CLEAR                                             ,,DARK - LIGHTED ROADWAY                            ,DRY                                               ,TRAFFIC CONTROL SIGNAL                            ,YES                                               ,T-INTERSECTION                                    ,"TWO-WAY, DIVIDED, POSITIVE MEDIAN BARRIER         ",25 ,"SINGLE UNIT TRUCK (2 AXLES, 6 TIRES)              ",,NO INJURY                                         ,NON FATAL INJURY - NON INCAPACITATING             ,,,MALE                                              ,MALE                                              ,1.0,,,CYCLIST                                           ,2018,8,29,20,2,False,False,Summer
2018-08-22 10:24:00,Wednesday,JFK,,JFK,42.37054,-71.12183,ANGLE                                             ,COLLISION WITH PEDALCYCLE                         ,CLEAR                                             ,CLEAR                                             ,DAYLIGHT                                          ,WET                                               ,NO CONTROLS                                       ,,NOT AT INTERSECTION                               ,"TWO-WAY, NOT DIVIDED                              ",25 ,PASSENGER CAR                                     ,,NO INJURY                                         ,NO INJURY                                         ,,,MALE                                              ,MALE                                              ,1.0,,,,2018,8,22,10,2,False,False,Summer
2018-08-15 19:24:00,Wednesday,SIDNEY STREET,,SIDNEY STREET,42.36216,-71.10047,ANGLE                                             ,COLLISION WITH PEDALCYCLE                         ,CLEAR                                             ,,DAYLIGHT                                          ,DRY                                               ,NO CONTROLS                                       ,,NOT AT INTERSECTION                               ,"TWO-WAY, NOT DIVIDED                              ",25 ,PASSENGER CAR                                     ,,NON FATAL INJURY - POSSIBLE                       ,NO INJURY                                         ,,,MALE                                              ,MALE                                              ,1.0,,CYCLIST                                           ,,2018,8,15,19,2,False,False,Summer
2018-08-14 11:55:00,Tuesday,MASSACHUSETTS AVENUE,LANCASTER,LANCASTER_AND_MASSACHUSETTS AVENUE,42.369333,-71.11075,"SIDESWIPE, SAME DIRECTION                         ",COLLISION WITH PEDALCYCLE                         ,CLEAR                                             ,,DAYLIGHT                                          ,DRY                                               ,NO CONTROLS                                       ,,T-INTERSECTION                                    ,"TWO-WAY, DIVIDED, POSITIVE MEDIAN BARRIER         ",25 ,PASSENGER CAR                                     ,,NO INJURY                                         ,NON FATAL INJURY - NON INCAPACITATING             ,,,FEMALE                                            ,FEMALE                                            ,1.0,,,CYCLIST                                           ,2018,8,14,11,1,False,False,Summer
2018-08-12 20:58:00,Sunday,MASSACHUSETTS AVENUE,CEDAR STREET,CEDAR STREET_AND_MASSACHUSETTS AVENUE,42.369333,-71.11075,ANGLE                                             ,COLLISION WITH PEDALCYCLE                         ,CLOUDY                                            ,,DAYLIGHT                                          ,WET                                               ,TRAFFIC CONTROL SIGNAL                            ,YES                                               ,T-INTERSECTION                                    ,"TWO-WAY, DIVIDED, UNPROTECTED MEDIAN              ",25 ,PASSENGER CAR                                     ,,NO INJURY                                         ,NO INJURY                                         ,,,MALE                                              ,FEMALE                                            ,1.0,,,,2018,8,12,20,6,True,False,Summer
2018-08-07 10:41:00,Tuesday,MASSACHUSETTS AVENUE,,MASSACHUSETTS AVENUE,42.37342,-71.11864,"SIDESWIPE, SAME DIRECTION                         ",COLLISION WITH PEDALCYCLE                         ,CLEAR                                             ,CLEAR                                             ,DAYLIGHT                                          ,DRY                                               ,NO CONTROLS                                       ,YES                                               ,NOT AT INTERSECTION                               ,"TWO-WAY, DIVIDED, UNPROTECTED MEDIAN              ",25 ,PASSENGER CAR                                     ,,NON FATAL INJURY - POSSIBLE                       ,,,,MALE                                              ,MALE                                              ,1.0,,CYCLIST                                           ,,2018,8,7,10,1,False,False,Summer
2018-08-06 19:35:00,Monday,VASSAR STREET,,VASSAR STREET,42.36233,-71.0905,ANGLE                                             ,COLLISION WITH PEDALCYCLE                         ,CLEAR                                             ,,DAYLIGHT                                          ,DRY                                               ,UNKNOWN                                           ,,NOT AT INTERSECTION                               ,"TWO-WAY, NOT DIVIDED                              ",25 ,"LIGHT TRUCK(VAN, MINI VAN, PICK-UP, SPORT UTILITY)",,NO INJURY                                         ,NON FATAL INJURY - POSSIBLE                       ,,,FEMALE                                            ,FEMALE                                            ,1.0,,,CYCLIST                                           ,2018,8,6,19,0,False,False,Summer
2018-08-06 10:49:00,Monday,HAMPSHIRE,,HAMPSHIRE,42.37173,-71.09842,ANGLE                                             ,COLLISION WITH PEDALCYCLE                         ,CLEAR                                             ,,DAYLIGHT                                          ,DRY                                               ,NO CONTROLS                                       ,NO                                                ,NOT AT INTERSECTION                               ,"TWO-WAY, NOT DIVIDED                              ",25 ,,,NO INJURY                                         ,NO INJURY                                         ,,,MALE                                              ,MALE                                              ,1.0,,CYCLIST                                           ,CYCLIST                                           ,2018,8,6,10,0,False,False,Summer
2018-08-01 09:26:00,Wednesday,HAMPSHIRE STREET,,HAMPSHIRE STREET,42.36878,-71.09482,HEAD ON                                           ,COLLISION WITH PEDALCYCLE                         ,CLEAR                                             ,,DAYLIGHT                                          ,DRY                                               ,NO CONTROLS                                       ,NO                                                ,NOT AT INTERSECTION                               ,"TWO-WAY, NOT DIVIDED                              ",20 ,UNKNOWN HEAVY TRUCK                               ,,NO INJURY                                         ,NON FATAL INJURY - NON INCAPACITATING             ,,,MALE                                              ,MALE                                              ,1.0,,,,2018,8,1,9,2,False,True,Summer
2018-07-30 23:56:00,Monday,MASSACHUSETTS AVENUE,,MASSACHUSETTS AVENUE,42.37544081818183,-71.11253827272726,ANGLE                                             ,COLLISION WITH PEDALCYCLE                         ,CLEAR                                             ,,DARK - LIGHTED ROADWAY                            ,DRY                                               ,NO CONTROLS                                       ,,NOT AT INTERSECTION                               ,"TWO-WAY, NOT DIVIDED                              ",25 ,PASSENGER CAR                                     ,,UNKNOWN                                           ,NO INJURY                                         ,,,MALE                                              ,MALE                                              ,1.0,,,,2018,7,30,23,0,False,False,Summer
2018-07-30 09:41:00,Monday,WAVERLY ST,,WAVERLY ST,42.35604,-71.10539,ANGLE                                             ,COLLISION WITH PEDALCYCLE                         ,CLEAR                                             ,,DAYLIGHT                                          ,DRY                                               ,NO CONTROLS                                       ,,NOT AT INTERSECTION                               ,"ONE-WAY, NOT DIVIDED                              ",25 ,"LIGHT TRUCK(VAN, MINI VAN, PICK-UP, SPORT UTILITY)",,NO INJURY                                         ,NO INJURY                                         ,,,FEMALE                                            ,MALE                                              ,1.0,,,,2018,7,30,9,0,False,True,Summer
2018-07-25 09:14:00,Wednesday,ALBANY STREET,,ALBANY STREET,42.358900000000006,-71.10026666666667,ANGLE                                             ,COLLISION WITH PEDALCYCLE                         ,CLEAR                                             ,,DAYLIGHT                                          ,DRY                                               ,TRAFFIC CONTROL SIGNAL                            ,YES                                               ,NOT AT INTERSECTION                               ,"TWO-WAY, NOT DIVIDED                              ",25 ,"LIGHT TRUCK(VAN, MINI VAN, PICK-UP, SPORT UTILITY)",,NO INJURY                                         ,NON FATAL INJURY - POSSIBLE                       ,,,MALE                                              ,MALE                                              ,1.0,,,CYCLIST                                           ,2018,7,25,9,2,False,True,Summer
2018-07-20 08:44:00,Friday,MASSACHUSETTS AVENUE,CAMERON AVE,CAMERON AVE_AND_MASSACHUSETTS AVENUE,42.369333,-71.11075,"SIDESWIPE, SAME DIRECTION                         ",COLLISION WITH PEDALCYCLE                         ,CLEAR                                             ,CLOUDY                                            ,DAYLIGHT                                          ,DRY                                               ,TRAFFIC CONTROL SIGNAL                            ,YES                                               ,T-INTERSECTION                                    ,"TWO-WAY, DIVIDED, POSITIVE MEDIAN BARRIER         ",25 ,PASSENGER CAR                                     ,,NO INJURY                                         ,NON FATAL INJURY - POSSIBLE                       ,,,MALE                                              ,MALE                                              ,1.0,1.0,,CYCLIST                                           ,2018,7,20,8,4,False,True,Summer
2018-06-26 14:08:00,Tuesday,MASSACHUSETTS AVENUE,,MASSACHUSETTS AVENUE,42.36703,-71.1064,SINGLE VEHICLE CRASH                              ,COLLISION WITH PEDALCYCLE                         ,CLEAR                                             ,,DAYLIGHT                                          ,DRY                                               ,NO CONTROLS                                       ,NO                                                ,NOT AT INTERSECTION                               ,"TWO-WAY, DIVIDED, UNPROTECTED MEDIAN              ",25 ,"LIGHT TRUCK(VAN, MINI VAN, PICK-UP, SPORT UTILITY)",,UNKNOWN                                           ,NON FATAL INJURY - NON INCAPACITATING             ,,,MALE                                              ,MALE                                              ,1.0,,,CYCLIST                                           ,2018,6,26,14,1,False,False,Summer
2018-06-13 09:59:00,Wednesday,MASSACHUSETTS AVENUE,HARVEY STREET,HARVEY STREET_AND_MASSACHUSETTS AVENUE,42.369333,-71.11075,"SIDESWIPE, SAME DIRECTION                         ",COLLISION WITH PEDALCYCLE                         ,CLEAR                                             ,,DAYLIGHT                                          ,DRY                                               ,TRAFFIC CONTROL SIGNAL                            ,YES                                               ,FOUR WAY INTERSECTION                             ,"TWO-WAY, DIVIDED, POSITIVE MEDIAN BARRIER         ",25 ,"LIGHT TRUCK(VAN, MINI VAN, PICK-UP, SPORT UTILITY)",,NO INJURY                                         ,NON FATAL INJURY - NON INCAPACITATING             ,,,MALE                                              ,MALE                                              ,1.0,,,CYCLIST                                           ,2018,6,13,9,2,False,True,Summer
2018-06-11 08:42:00,Monday,BINNEY ST,,BINNEY ST,42.36507624884,-71.0796976089,"SIDESWIPE, SAME DIRECTION                         ",COLLISION WITH PEDALCYCLE                         ,CLEAR                                             ,,DAYLIGHT                                          ,DRY                                               ,NO CONTROLS                                       ,,NOT AT INTERSECTION                               ,"TWO-WAY, DIVIDED, UNPROTECTED MEDIAN              ",25 ,PASSENGER CAR                                     ,,NO INJURY                                         ,NON FATAL INJURY - NON INCAPACITATING             ,,,FEMALE                                            ,FEMALE                                            ,1.0,,,CYCLIST                                           ,2018,6,11,8,0,False,True,Summer
2018-05-23 13:39:00,Wednesday,BRATTLE STREET,,BRATTLE STREET,42.375524999999996,-71.12913,"SIDESWIPE, SAME DIRECTION                         ",COLLISION WITH PEDALCYCLE                         ,CLEAR                                             ,CLEAR                                             ,DAYLIGHT                                          ,DRY                                               ,NO CONTROLS                                       ,,NOT AT INTERSECTION                               ,"TWO-WAY, DIVIDED, UNPROTECTED MEDIAN              ",25 ,PASSENGER CAR                                     ,,NO INJURY                                         ,NO INJURY                                         ,,,MALE                                              ,MALE                                              ,1.0,,,CYCLIST                                           ,2018,5,23,13,2,False,False,Spring
2018-05-03 17:35:00,Thursday,MASSACHUSETTS AVENUE,ELLERY,ELLERY_AND_MASSACHUSETTS AVENUE,42.369333,-71.11075,ANGLE                                             ,COLLISION WITH PEDALCYCLE                         ,CLEAR                                             ,,DAYLIGHT                                          ,DRY                                               ,STOP SIGNS                                        ,,T-INTERSECTION                                    ,"TWO-WAY, NOT DIVIDED                              ",25 ,PASSENGER CAR                                     ,,NO INJURY                                         ,,,,FEMALE                                            ,,1.0,,,,2018,5,3,17,3,False,True,Spring
2018-05-01 17:59:00,Tuesday,MASSACHUSETTS AVENUE,PEARL STREET,MASSACHUSETTS AVENUE_AND_PEARL STREET,42.369333,-71.11075,SINGLE VEHICLE CRASH                              ,COLLISION WITH PEDALCYCLE                         ,CLEAR                                             ,,DAYLIGHT                                          ,DRY                                               ,NO CONTROLS                                       ,,T-INTERSECTION                                    ,"TWO-WAY, NOT DIVIDED                              ",20 ,PASSENGER CAR                                     ,,NO INJURY                                         ,NO INJURY                                         ,,,MALE                                              ,FEMALE                                            ,1.0,,,,2018,5,1,17,1,False,True,Spring
2018-04-26 09:48:00,Thursday,VASSAR STREET,MASSACHUSETTS AVENUE,MASSACHUSETTS AVENUE_AND_VASSAR STREET,42.358598,-71.096431,ANGLE                                             ,COLLISION WITH PEDALCYCLE                         ,CLOUDY                                            ,RAIN                                              ,DAYLIGHT                                          ,WET                                               ,TRAFFIC CONTROL SIGNAL                            ,YES                                               ,FOUR WAY INTERSECTION                             ,"TWO-WAY, NOT DIVIDED                              ",25 ,"LIGHT TRUCK(VAN, MINI VAN, PICK-UP, SPORT UTILITY)",,NO INJURY                                         ,NON FATAL INJURY - NON INCAPACITATING             ,,,MALE                                              ,MALE                                              ,1.0,,,CYCLIST                                           ,2018,4,26,9,3,False,True,Spring
2018-04-19 22:23:00,Thursday,VASSAR STREET,,VASSAR STREET,42.36131,-71.09114,HEAD ON                                           ,COLLISION WITH PEDALCYCLE                         ,CLEAR                                             ,CLEAR                                             ,DARK - LIGHTED ROADWAY                            ,DRY                                               ,NO CONTROLS                                       ,,NOT AT INTERSECTION                               ,"TWO-WAY, DIVIDED, UNPROTECTED MEDIAN              ",25 ,PASSENGER CAR                                     ,,NO INJURY                                         ,NON FATAL INJURY - NON INCAPACITATING             ,,,MALE                                              ,MALE                                              ,1.0,,,CYCLIST                                           ,2018,4,19,22,3,False,False,Spring
2018-04-14 18:21:00,Saturday,SHERMAN ST,,SHERMAN ST,42.39207,-71.13277,SINGLE VEHICLE CRASH                              ,COLLISION WITH PEDALCYCLE                         ,CLOUDY                                            ,,DAYLIGHT                                          ,DRY                                               ,NO CONTROLS                                       ,,NOT AT INTERSECTION                               ,"TWO-WAY, NOT DIVIDED                              ",25 ,PASSENGER CAR                                     ,,NO INJURY                                         ,NON FATAL INJURY - POSSIBLE                       ,,,FEMALE                                            ,FEMALE                                            ,1.0,,,CYCLIST                                           ,2018,4,14,18,5,True,True,Spring
2018-04-11 10:20:00,Wednesday,MASSACHUSETTS AVENUE,PORTER ROAD,MASSACHUSETTS AVENUE_AND_PORTER ROAD,42.369333,-71.11075,ANGLE                                             ,COLLISION WITH PEDALCYCLE                         ,CLEAR                                             ,,DAYLIGHT                                          ,DRY                                               ,NO CONTROLS                                       ,,T-INTERSECTION                                    ,"TWO-WAY, DIVIDED, POSITIVE MEDIAN BARRIER         ",0  ,PASSENGER CAR                                     ,,NO INJURY                                         ,NO INJURY                                         ,,,MALE                                              ,MALE                                              ,1.0,,CYCLIST                                           ,,2018,4,11,10,2,False,False,Spring
2018-04-06 10:07:00,Friday,MASSACHUSETTS AVENUE,,MASSACHUSETTS AVENUE,42.38352,-71.11952,SINGLE VEHICLE CRASH                              ,COLLISION WITH PEDALCYCLE                         ,CLEAR                                             ,,DAYLIGHT                                          ,DRY                                               ,NO CONTROLS                                       ,,NOT AT INTERSECTION                               ,"TWO-WAY, DIVIDED, POSITIVE MEDIAN BARRIER         ",0  ,PASSENGER CAR                                     ,,NO INJURY                                         ,NO INJURY                                         ,,,MALE                                              ,FEMALE                                            ,1.0,,,CYCLIST                                           ,2018,4,6,10,4,False,False,Spring
2018-04-05 21:08:00,Thursday,MASSACHUSETTS AVENUE,DAVENPORT STREET,DAVENPORT STREET_AND_MASSACHUSETTS AVENUE,42.369333,-71.11075,ANGLE                                             ,COLLISION WITH PEDALCYCLE                         ,CLEAR                                             ,,DAYLIGHT                                          ,DRY                                               ,NO CONTROLS                                       ,,T-INTERSECTION                                    ,"TWO-WAY, DIVIDED, UNPROTECTED MEDIAN              ",25 ,"LIGHT TRUCK(VAN, MINI VAN, PICK-UP, SPORT UTILITY)",,NO INJURY                                         ,NO INJURY                                         ,,,MALE                                              ,FEMALE                                            ,1.0,,,,2018,4,5,21,3,False,False,Spring
2018-04-05 16:30:00,Thursday,MASSACHUSETTS AVENUE,,MASSACHUSETTS AVENUE,42.39149,-71.12341,SINGLE VEHICLE CRASH                              ,COLLISION WITH PEDALCYCLE                         ,CLEAR                                             ,,DAYLIGHT                                          ,DRY                                               ,NO CONTROLS                                       ,,NOT AT INTERSECTION                               ,"TWO-WAY, NOT DIVIDED                              ",25 ,PASSENGER CAR                                     ,,NO INJURY                                         ,NON FATAL INJURY - NON INCAPACITATING             ,,,MALE                                              ,MALE                                              ,1.0,,,CYCLIST                                           ,2018,4,5,16,3,False,True,Spring
2018-04-04 19:26:00,Wednesday,EDUCATION CIRCLE,,EDUCATION CIRCLE,42.37,-71.06931,ANGLE                                             ,COLLISION WITH PEDALCYCLE                         ,CLOUDY                                            ,,DAYLIGHT                                          ,DRY                                               ,NO CONTROLS                                       ,,NOT AT INTERSECTION                               ,"TWO-WAY, NOT DIVIDED                              ",25 ,"LIGHT TRUCK(VAN, MINI VAN, PICK-UP, SPORT UTILITY)",,NO INJURY                                         ,NON FATAL INJURY - POSSIBLE                       ,,,FEMALE                                            ,FEMALE                                            ,1.0,,,CYCLIST                                           ,2018,4,4,19,2,False,False,Spring
2018-03-27 10:49:00,Tuesday,MASSACHUSETTS AVENUE,WASHBURN AVE,MASSACHUSETTS AVENUE_AND_WASHBURN AVE,42.369333,-71.11075,ANGLE                                             ,COLLISION WITH PEDALCYCLE                         ,CLEAR                                             ,,DAYLIGHT                                          ,DRY                                               ,NO CONTROLS                                       ,,T-INTERSECTION                                    ,"TWO-WAY, DIVIDED, POSITIVE MEDIAN BARRIER         ",25 ,PASSENGER CAR                                     ,,NO INJURY                                         ,NON FATAL INJURY - POSSIBLE                       ,,,MALE                                              ,MALE                                              ,1.0,,,CYCLIST                                           ,2018,3,27,10,1,False,False,Spring
2018-03-24 17:36:00,Saturday,PROSPECT STREET,,PROSPECT STREET,42.370224285714286,-71.10049000000001,"SIDESWIPE, SAME DIRECTION                         ",COLLISION WITH PEDALCYCLE                         ,CLOUDY                                            ,,DAYLIGHT                                          ,DRY                                               ,TRAFFIC CONTROL SIGNAL                            ,YES                                               ,FOUR WAY INTERSECTION                             ,"TWO-WAY, NOT DIVIDED                              ",25 ,PASSENGER CAR                                     ,,NO INJURY                                         ,NON FATAL INJURY - POSSIBLE                       ,,,MALE                                              ,MALE                                              ,1.0,,,CYCLIST                                           ,2018,3,24,17,5,True,True,Spring
2018-03-15 09:12:00,Thursday,PUTNAM AVE,,PUTNAM AVE,42.36617,-71.11355,UNKNOWN                                           ,COLLISION WITH PEDALCYCLE                         ,CLEAR                                             ,,DAYLIGHT                                          ,SNOW                                              ,NO CONTROLS                                       ,NO                                                ,NOT AT INTERSECTION                               ,"TWO-WAY, NOT DIVIDED                              ",20 ,PASSENGER CAR                                     ,,NON FATAL INJURY - NON INCAPACITATING             ,,,,MALE                                              ,FEMALE                                            ,1.0,,CYCLIST                                           ,,2018,3,15,9,3,False,True,Spring
2018-02-20 15:15:00,Tuesday,MASSACHUSETTS AVENUE,TROWBRIDGE STREET,MASSACHUSETTS AVENUE_AND_TROWBRIDGE STREET,42.369333,-71.11075,"SIDESWIPE, SAME DIRECTION                         ",COLLISION WITH PEDALCYCLE                         ,CLEAR                                             ,,DAYLIGHT                                          ,DRY                                               ,TRAFFIC CONTROL SIGNAL                            ,YES                                               ,T-INTERSECTION                                    ,"ONE-WAY, NOT DIVIDED                              ",25 ,PASSENGER CAR                                     ,,NO INJURY                                         ,NON FATAL INJURY - NON INCAPACITATING             ,,,MALE                                              ,FEMALE                                            ,1.0,,,CYCLIST                                           ,2018,2,20,15,1,False,False,Winter
2018-02-14 20:16:00,Wednesday,OXFORD STREET,EVERETT STREET,EVERETT STREET_AND_OXFORD STREET,42.38136,-71.11605,UNKNOWN                                           ,COLLISION WITH PEDALCYCLE                         ,CLEAR                                             ,,DUSK                                              ,DRY                                               ,TRAFFIC CONTROL SIGNAL                            ,YES                                               ,T-INTERSECTION                                    ,"TWO-WAY, NOT DIVIDED                              ",25 ,PASSENGER CAR                                     ,,NON FATAL INJURY - NON INCAPACITATING             ,NO INJURY                                         ,,,FEMALE                                            ,MALE                                              ,1.0,,CYCLIST                                           ,,2018,2,14,20,2,False,False,Winter
2017-12-20 17:30:00,Wednesday,MAIN STREET,,MAIN STREET,42.3628,-71.09184571428571,"SIDESWIPE, SAME DIRECTION                         ",COLLISION WITH PEDALCYCLE                         ,CLEAR                                             ,CLEAR                                             ,DARK - LIGHTED ROADWAY                            ,DRY                                               ,NO CONTROLS                                       ,,NOT AT INTERSECTION                               ,"TWO-WAY, NOT DIVIDED                              ",25 ,PASSENGER CAR                                     ,,NON FATAL INJURY - NON INCAPACITATING             ,,,,MALE                                              ,FEMALE                                            ,1.0,,CYCLIST                                           ,,2017,12,20,17,2,False,True,Winter
2017-12-19 18:17:00,Tuesday,MASS AV,,MASS AV,42.38536,-71.11931,"SIDESWIPE, SAME DIRECTION                         ",COLLISION WITH PEDALCYCLE                         ,CLEAR                                             ,,DARK - LIGHTED ROADWAY                            ,DRY                                               ,NO CONTROLS                                       ,,NOT AT INTERSECTION                               ,"TWO-WAY, DIVIDED, POSITIVE MEDIAN BARRIER         ",25 ,PASSENGER CAR                                     ,BUS SEATS MORE THAN 15 PEOPLE                     ,NO INJURY                                         ,NO INJURY                                         ,,,MALE                                              ,FEMALE                                            ,1.0,,,,2017,12,19,18,1,False,True,Winter
2017-12-06 19:38:00,Wednesday,BROADWAY,,BROADWAY,42.36966,-71.10188,REAR-END                                          ,COLLISION WITH PEDALCYCLE                         ,CLEAR                                             ,,DUSK                                              ,DRY                                               ,NO CONTROLS                                       ,,NOT AT INTERSECTION                               ,"TWO-WAY, NOT DIVIDED                              ",25 ,PASSENGER CAR                                     ,,NO INJURY                                         ,NON FATAL INJURY - POSSIBLE                       ,,,MALE                                              ,MALE                                              ,1.0,,,CYCLIST                                           ,2017,12,6,19,2,False,False,Winter