Date Time,Day of Week,Street Name Cleaned,Cross Street Cleaned,Intersection_ID,Latitude,Longitude,Manner of Collision,First Harmful Event,Weather Condition 1,Weather Condition 2,Ambient Light,Road Surface Condition,Traffic Control Device Type,Traffic Control Device Functionality,Roadway Junction Type,Trafficway Description,Speed Limit,Object 1,Object 2,P1 Injury,P2 Injury,P1 Age,P2 Age,P1 Sex,P2 Sex,May involve cyclist,May Involve Pedestrian,P1 Non Motorist Desc,P2 Non Motorist Desc,Year,Month,Day,Hour,Day_of_Week_Num,Is_Weekend,Is_Rush_Hour,Season
2017-11-22 18:17:00,Wednesday,MASSACHUSETTS AVENUE,,MASSACHUSETTS AVENUE,42.36497,-71.10298,ANGLE                                             ,COLLISION WITH PEDALCYCLE                         ,CLOUDY                                            ,RAIN                                              ,DUSK                                              ,WET                                               ,TRAFFIC CONTROL SIGNAL                            ,YES                                               ,NOT AT INTERSECTION                               ,"TWO-WAY, NOT DIVIDED                              ",25 ,PASSENGER CAR                                     ,,NO INJURY                                         ,NON FATAL INJURY - POSSIBLE                       ,,,FEMALE                                            ,MALE                                              ,1.0,,,CYCLIST                                           ,2017,11,22,18,2,False,True,Fall
2017-11-10 13:59:00,Friday,MASSACHUSETTS AVENUE,CAMBRIDGE STREET,CAMBRIDGE STREET_AND_MASSACHUSETTS AVENUE,42.369333,-71.11075,"SIDESWIPE, SAME DIRECTION                         ",COLLISION WITH PEDALCYCLE                         ,CLEAR                                             ,,DAYLIGHT                                          ,DRY                                               ,TRAFFIC CONTROL SIGNAL                            ,YES                                               ,Y-INTERSECTION                                    ,"ONE-WAY, NOT DIVIDED                              ",25 ,PASSENGER CAR                                     ,,NON FATAL INJURY - POSSIBLE                       ,,25.0,,FEMALE                                            ,,1.0,,CYCLIST                                           ,,2017,11,10,13,4,False,False,Fall
2017-11-07 08:43:00,Tuesday,MASSACHUSETTS AVENUE,,MASSACHUSETTS AVENUE,42.37281,-71.11687,ANGLE                                             ,COLLISION WITH PEDALCYCLE                         ,CLEAR                                             ,,DAYLIGHT                                          ,DRY                                               ,NO CONTROLS                                       ,YES                                               ,T-INTERSECTION                                    ,"ONE-WAY, NOT DIVIDED                              ",25 ,PASSENGER CAR                                     ,,NO INJURY                                         ,NO INJURY                                         ,,,FEMALE                                            ,MALE                                              ,1.0,,,,2017,11,7,8,1,False,True,Fall
2017-10-31 19:55:00,Tuesday,MASSACHUSETTS AVENUE,,MASSACHUSETTS AVENUE,42.37544081818183,-71.11253827272726,ANGLE                                             ,COLLISION WITH PEDALCYCLE                         ,CLEAR                                             ,,DUSK                                              ,DRY                                               ,STOP SIGNS                                        ,YES                                               ,NOT AT INTERSECTION                               ,"TWO-WAY, NOT DIVIDED                              ",25 ,"LIGHT TRUCK(VAN, MINI VAN, PICK-UP, SPORT UTILITY)",,NO INJURY                                         ,NO INJURY                                         ,,,MALE                                              ,FEMALE                                            ,1.0,,,CYCLIST                                           ,2017,10,31,19,1,False,False,Fall
2017-10-27 13:47:00,Friday,MASSACHUSETTS AVENUE,,MASSACHUSETTS AVENUE,42.35864,-71.0933,ANGLE                                             ,COLLISION WITH PEDALCYCLE                         ,CLEAR                                             ,,DAYLIGHT                                          ,DRY                                               ,NO CONTROLS                                       ,,NOT AT INTERSECTION                               ,"TWO-WAY, NOT DIVIDED                              ",25 ,PASSENGER CAR                                     ,,NO INJURY                                         ,,,,MALE                                              ,UNKNOWN                                           ,1.0,,,,2017,10,27,13,4,False,False,Fall
2017-10-26 17:53:00,Thursday,WESTERN AVE,,WESTERN AVE,42.36517,-71.10561,ANGLE                                             ,COLLISION WITH PEDALCYCLE                         ,CLOUDY                                            ,,DUSK                                              ,WET                                               ,NO CONTROLS                                       ,NO                                                ,NOT AT INTERSECTION                               ,"ONE-WAY, NOT DIVIDED                              ",25 ,PASSENGER CAR                                     ,,NO INJURY                                         ,NON FATAL INJURY - INCAPACITATING                 ,,,MALE                                              ,FEMALE                                            ,1.0,1.0,,CYCLIST                                           ,2017,10,26,17,3,False,True,Fall
2017-10-16 12:13:00,Monday,MASSACHUSETTS AVENUE,,MASSACHUSETTS AVENUE,42.37544081818183,-71.11253827272726,UNKNOWN                                           ,COLLISION WITH PEDALCYCLE                         ,CLOUDY                                            ,,DAYLIGHT                                          ,DRY                                               ,NO CONTROLS                                       ,YES                                               ,NOT AT INTERSECTION                               ,"TWO-WAY, DIVIDED, POSITIVE MEDIAN BARRIER         ",20 ,PASSENGER CAR                                     ,,NO INJURY                                         ,NON FATAL INJURY - NON INCAPACITATING             ,,,MALE                                              ,MALE                                              ,1.0,,,CYCLIST                                           ,2017,10,16,12,0,False,False,Fall
2017-10-16 09:30:00,Monday,HAMPSHIRE STREET,,HAMPSHIRE STREET,42.36983764705883,-71.0960894117647,"SIDESWIPE, SAME DIRECTION                         ",COLLISION WITH PEDALCYCLE                         ,CLOUDY                                            ,,DAYLIGHT                                          ,DRY                                               ,NO CONTROLS                                       ,,NOT AT INTERSECTION                               ,"TWO-WAY, NOT DIVIDED                              ",25 ,PASSENGER CAR                                     ,,,NON FATAL INJURY - POSSIBLE                       ,,,MALE                                              ,FEMALE                                            ,1.0,,,CYCLIST                                           ,2017,10,16,9,0,False,True,Fall
2017-10-16 09:00:00,Monday,MASSACHUSETTS AVENUE,EVERETT STREET,EVERETT STREET_AND_MASSACHUSETTS AVENUE,42.369333,-71.11075,"SIDESWIPE, SAME DIRECTION                         ",COLLISION WITH PEDALCYCLE                         ,CLOUDY                                            ,,DAYLIGHT                                          ,DRY                                               ,TRAFFIC CONTROL SIGNAL                            ,YES                                               ,FOUR WAY INTERSECTION                             ,"TWO-WAY, DIVIDED, POSITIVE MEDIAN BARRIER         ",20 ,PASSENGER CAR                                     ,,NO INJURY                                         ,NON FATAL INJURY - NON INCAPACITATING             ,,,MALE                                              ,MALE                                              ,1.0,,,CYCLIST                                           ,2017,10,16,9,0,False,True,Fall
2017-10-14 23:13:00,Saturday,MASSACHUSETTS AVENUE,,MASSACHUSETTS AVENUE,42.39006,-71.12067,"SIDESWIPE, SAME DIRECTION                         ",COLLISION WITH PEDALCYCLE                         ,CLEAR                                             ,,DARK - LIGHTED ROADWAY                            ,DRY                                               ,NO CONTROLS                                       ,,NOT AT INTERSECTION                               ,"TWO-WAY, DIVIDED, POSITIVE MEDIAN BARRIER         ",25 ,"LIGHT TRUCK(VAN, MINI VAN, PICK-UP, SPORT UTILITY)",,NO INJURY                                         ,NON FATAL INJURY - POSSIBLE                       ,,,MALE                                              ,MALE                                              ,1.0,,,CYCLIST                                           ,2017,10,14,23,5,True,False,Fall
2017-10-11 20:00:00,Wednesday,MASSACHUSETTS AVENUE,,MASSACHUSETTS AVENUE,42.39006,-71.12067,SINGLE VEHICLE CRASH                              ,COLLISION WITH PEDALCYCLE                         ,UNKNOWN                                           ,,DARK - LIGHTED ROADWAY                            ,UNKNOWN                                           ,NO CONTROLS                                       ,YES                                               ,NOT AT INTERSECTION                               ,"TWO-WAY, DIVIDED, POSITIVE MEDIAN BARRIER         ",25 ,PASSENGER CAR                                     ,,NON FATAL INJURY - NON INCAPACITATING             ,NO INJURY                                         ,,,MALE                                              ,MALE                                              ,1.0,,CYCLIST                                           ,,2017,10,11,20,2,False,False,Fall
2017-10-04 17:16:00,Wednesday,MASSACHUSETTS AVENUE,LINNAEAN STREET,LINNAEAN STREET_AND_MASSACHUSETTS AVENUE,42.369333,-71.11075,"SIDESWIPE, SAME DIRECTION                         ",COLLISION WITH PEDALCYCLE                         ,CLEAR                                             ,,DAYLIGHT                                          ,DRY                                               ,TRAFFIC CONTROL SIGNAL                            ,YES                                               ,FOUR WAY INTERSECTION                             ,"TWO-WAY, DIVIDED, POSITIVE MEDIAN BARRIER         ",30 ,"LIGHT TRUCK(VAN, MINI VAN, PICK-UP, SPORT UTILITY)",,NON FATAL INJURY - POSSIBLE                       ,,14.0,,MALE                                              ,,1.0,,CYCLIST                                           ,,2017,10,4,17,2,False,True,Fall
2017-10-03 08:20:00,Tuesday,CAMBRIDGE STREET,,CAMBRIDGE STREET,42.37198,-71.08732,"SIDESWIPE, SAME DIRECTION                         ",COLLISION WITH PEDALCYCLE                         ,CLEAR                                             ,,DAYLIGHT                                          ,DRY                                               ,NO CONTROLS                                       ,,NOT AT INTERSECTION                               ,"TWO-WAY, NOT DIVIDED                              ",25 ,PASSENGER CAR                                     ,,,NON FATAL INJURY - POSSIBLE                       ,,,MALE                                              ,MALE                                              ,1.0,,,CYCLIST                                           ,2017,10,3,8,1,False,True,Fall
2017-10-02 16:21:00,Monday,JFK STREET,,JFK STREET,42.37273,-71.12002,ANGLE                                             ,COLLISION WITH PEDALCYCLE                         ,CLEAR                                             ,,DAYLIGHT                                          ,DRY                                               ,NO CONTROLS                                       ,,NOT AT INTERSECTION                               ,"ONE-WAY, NOT DIVIDED                              ",25 ,PASSENGER CAR                                     ,,NO INJURY                                         ,NON FATAL INJURY - POSSIBLE                       ,,,MALE                                              ,MALE                                              ,1.0,,,CYCLIST                                           ,2017,10,2,16,0,False,True,Fall
2017-10-02 15:00:00,Monday,MASSACHUSETTS AVENUE,CAMERON AVE,CAMERON AVE_AND_MASSACHUSETTS AVENUE,42.369333,-71.11075,ANGLE                                             ,COLLISION WITH PEDALCYCLE                         ,CLEAR                                             ,,DAYLIGHT                                          ,DRY                                               ,TRAFFIC CONTROL SIGNAL                            ,YES                                               ,FOUR WAY INTERSECTION                             ,"TWO-WAY, DIVIDED, POSITIVE MEDIAN BARRIER         ",25 ,PASSENGER CAR                                     ,,NO INJURY                                         ,NO INJURY                                         ,,,MALE                                              ,FEMALE                                            ,1.0,,,,2017,10,2,15,0,False,False,Fall
2017-09-25 08:24:00,Monday,MASSACHUSETTS AVENUE,,MASSACHUSETTS AVENUE,42.38595,-71.11925,"SIDESWIPE, SAME DIRECTION                         ",COLLISION WITH PEDALCYCLE                         ,CLEAR                                             ,,DAYLIGHT                                          ,DRY                                               ,NO CONTROLS                                       ,,NOT AT INTERSECTION                               ,"TWO-WAY, DIVIDED, POSITIVE MEDIAN BARRIER         ",30 ,PASSENGER CAR                                     ,,NO INJURY                                         ,NO INJURY                                         ,,,MALE                                              ,MALE                                              ,1.0,,,CYCLIST                                           ,2017,9,25,8,0,False,True,Fall
2017-09-22 11:00:00,Friday,MASSACHUSETTS AVENUE,,MASSACHUSETTS AVENUE,42.35864,-71.0933,UNKNOWN                                           ,COLLISION WITH PEDALCYCLE                         ,CLOUDY                                            ,,DAYLIGHT                                          ,OTHER                                             ,TRAFFIC CONTROL SIGNAL                            ,YES                                               ,NOT AT INTERSECTION                               ,"TWO-WAY, NOT DIVIDED                              ",25 ,"LIGHT TRUCK(VAN, MINI VAN, PICK-UP, SPORT UTILITY)","LIGHT TRUCK(VAN, MINI VAN, PICK-UP, SPORT UTILITY)",NO INJURY                                         ,,,,FEMALE                                            ,UNKNOWN                                           ,1.0,,,,2017,9,22,11,4,False,False,Fall
2017-09-19 12:51:00,Tuesday,MASSACHUSETTS AVENUE,,MASSACHUSETTS AVENUE,42.35922,-71.09372,"SIDESWIPE, SAME DIRECTION                         ",COLLISION WITH PEDALCYCLE                         ,CLOUDY                                            ,RAIN                                              ,DAYLIGHT                                          ,WET                                               ,NO CONTROLS                                       ,,NOT AT INTERSECTION                               ,"TWO-WAY, DIVIDED, UNPROTECTED MEDIAN              ",25 ,"LIGHT TRUCK(VAN, MINI VAN, PICK-UP, SPORT UTILITY)",,NO INJURY                                         ,NON FATAL INJURY - NON INCAPACITATING             ,,,MALE                                              ,MALE                                              ,1.0,,,CYCLIST                                           ,2017,9,19,12,1,False,False,Fall
2017-09-19 10:34:00,Tuesday,MASSACHUSETTS AVENUE,,MASSACHUSETTS AVENUE,42.39706,-71.12986,"SIDESWIPE, SAME DIRECTION                         ",COLLISION WITH PEDALCYCLE                         ,CLOUDY                                            ,CLOUDY                                            ,DAYLIGHT                                          ,DRY                                               ,TRAFFIC CONTROL SIGNAL                            ,YES                                               ,FOUR WAY INTERSECTION                             ,"TWO-WAY, DIVIDED, POSITIVE MEDIAN BARRIER         ",0  ,PASSENGER CAR                                     ,,NO INJURY                                         ,NON FATAL INJURY - NON INCAPACITATING             ,,,FEMALE                                            ,MALE                                              ,1.0,,,CYCLIST                                           ,2017,9,19,10,1,False,False,Fall
2017-09-15 22:45:00,Friday,ALBANY STREET,,ALBANY STREET,42.358900000000006,-71.10026666666667,"SIDESWIPE, SAME DIRECTION                         ",COLLISION WITH PEDALCYCLE                         ,RAIN                                              ,,DARK - LIGHTED ROADWAY                            ,WET                                               ,STOP SIGNS                                        ,,T-INTERSECTION                                    ,"TWO-WAY, NOT DIVIDED                              ",25 ,PASSENGER CAR                                     ,,NO INJURY                                         ,NON FATAL INJURY - NON INCAPACITATING             ,,,MALE                                              ,MALE                                              ,1.0,,,CYCLIST                                           ,2017,9,15,22,4,False,False,Fall
2017-09-13 17:00:00,Wednesday,HAMPSHIRE STREET,,HAMPSHIRE STREET,42.37256,-71.0997,ANGLE                                             ,COLLISION WITH PEDALCYCLE                         ,CLEAR                                             ,,DAYLIGHT                                          ,DRY                                               ,NO CONTROLS                                       ,NO                                                ,NOT AT INTERSECTION                               ,"TWO-WAY, NOT DIVIDED                              ",25 ,PASSENGER CAR                                     ,,,NO INJURY                                         ,,,,MALE                                              ,1.0,,,,2017,9,13,17,2,False,True,Fall
2017-08-29 20:24:00,Tuesday,MASSACHUSETTS AVENUE,,MASSACHUSETTS AVENUE,42.3663,-71.10523,ANGLE                                             ,COLLISION WITH PEDALCYCLE                         ,CLOUDY                                            ,CLEAR                                             ,DUSK                                              ,DRY                                               ,NO CONTROLS                                       ,,NOT AT INTERSECTION                               ,"TWO-WAY, NOT DIVIDED                              ",35 ,PASSENGER CAR                                     ,,NO INJURY                                         ,NON FATAL INJURY - NON INCAPACITATING             ,27.0,,MALE                                              ,MALE                                              ,1.0,,,CYCLIST                                           ,2017,8,29,20,1,False,False,Summer
2017-08-22 12:51:00,Tuesday,CONCORD AVE,,CONCORD AVE,42.387420000000006,-71.14441500000001,ANGLE                                             ,COLLISION WITH PEDALCYCLE                         ,CLEAR                                             ,CLEAR                                             ,DAYLIGHT                                          ,DRY                                               ,TRAFFIC CONTROL SIGNAL                            ,YES                                               ,FOUR WAY INTERSECTION                             ,"TWO-WAY, NOT DIVIDED                              ",25 ,TRUCK TRAILER                                     ,,NO INJURY                                         ,,,,FEMALE                                            ,UNKNOWN                                           ,1.0,,,,2017,8,22,12,1,False,False,Summer
2017-08-15 09:15:00,Tuesday,CAMBRIDGE STREET,,CAMBRIDGE STREET,42.37230041666667,-71.08960208333333,"SIDESWIPE, SAME DIRECTION                         ",COLLISION WITH PEDALCYCLE                         ,CLOUDY                                            ,,DAYLIGHT                                          ,DRY                                               ,NO CONTROLS                                       ,,NOT AT INTERSECTION                               ,"TWO-WAY, NOT DIVIDED                              ",25 ,PASSENGER CAR                                     ,,NO INJURY                                         ,NO INJURY                                         ,,,MALE                                              ,FEMALE                                            ,1.0,,,,2017,8,15,9,1,False,True,Summer
2017-08-14 08:05:00,Monday,MASSACHUSETTS AVENUE,,MASSACHUSETTS AVENUE,42.36132,-71.09682,ANGLE                                             ,COLLISION WITH PEDALCYCLE                         ,CLEAR                                             ,,DAYLIGHT                                          ,DRY                                               ,NO CONTROLS                                       ,,NOT AT INTERSECTION                               ,"TWO-WAY, NOT DIVIDED                              ",25 ,"LIGHT TRUCK(VAN, MINI VAN, PICK-UP, SPORT UTILITY)",,NO INJURY                                         ,,,,MALE                                              ,,1.0,,,,2017,8,14,8,0,False,True,Summer
2017-08-07 22:30:00,Monday,MASSACHUSETTS AVENUE,TROWBRIDGE STREET,MASSACHUSETTS AVENUE_AND_TROWBRIDGE STREET,42.369333,-71.11075,"SIDESWIPE, SAME DIRECTION                         ",COLLISION WITH PEDALCYCLE                         ,RAIN                                              ,CLOUDY                                            ,DARK - LIGHTED ROADWAY                            ,WET                                               ,TRAFFIC CONTROL SIGNAL                            ,YES                                               ,T-INTERSECTION                                    ,"TWO-WAY, DIVIDED, UNPROTECTED MEDIAN              ",25 ,PASSENGER CAR                                     ,,NO INJURY                                         ,NON FATAL INJURY - NON INCAPACITATING             ,,,FEMALE                                            ,MALE                                              ,1.0,,,CYCLIST                                           ,2017,8,7,22,0,False,False,Summer
2017-08-04 09:15:00,Friday,HAMPSHIRE STREET,,HAMPSHIRE STREET,42.36824,-71.09415,"SIDESWIPE, SAME DIRECTION                         ",COLLISION WITH PEDALCYCLE                         ,CLEAR                                             ,,DAYLIGHT                                          ,DRY                                               ,NO CONTROLS                                       ,,NOT AT INTERSECTION                               ,"TWO-WAY, NOT DIVIDED                              ",25 ,"LIGHT TRUCK(VAN, MINI VAN, PICK-UP, SPORT UTILITY)",,NO INJURY                                         ,NON FATAL INJURY - NON INCAPACITATING             ,,,MALE                                              ,FEMALE                                            ,1.0,,,CYCLIST                                           ,2017,8,4,9,4,False,True,Summer
2017-08-03 19:42:00,Thursday,MASSACHUSETTS AVENUE,,MASSACHUSETTS AVENUE,42.37407,-71.11888,SINGLE VEHICLE CRASH                              ,COLLISION WITH PEDALCYCLE                         ,CLEAR                                             ,CLEAR                                             ,DAYLIGHT                                          ,DRY                                               ,NO CONTROLS                                       ,YES                                               ,NOT AT INTERSECTION                               ,"TWO-WAY, DIVIDED, POSITIVE MEDIAN BARRIER         ",25 ,PASSENGER CAR                                     ,,NO INJURY                                         ,NON FATAL INJURY - INCAPACITATING                 ,,,MALE                                              ,MALE                                              ,1.0,,,CYCLIST                                           ,2017,8,3,19,3,False,False,Summer
2017-08-01 16:12:00,Tuesday,MASSACHUSETTS AVENUE,,MASSACHUSETTS AVENUE,42.36418,-71.10167,ANGLE                                             ,COLLISION WITH PEDALCYCLE                         ,CLEAR                                             ,,DAYLIGHT                                          ,DRY                                               ,NO CONTROLS                                       ,NO                                                ,NOT AT INTERSECTION                               ,"TWO-WAY, NOT DIVIDED                              ",25 ,PASSENGER CAR                                     ,,NO INJURY                                         ,NON FATAL INJURY - POSSIBLE                       ,,,MALE                                              ,MALE                                              ,1.0,,,CYCLIST                                           ,2017,8,1,16,1,False,True,Summer
2017-08-01 08:35:00,Tuesday,CONCORD AV,,CONCORD AV,42.38063,-71.1279,ANGLE                                             ,COLLISION WITH PEDALCYCLE                         ,CLOUDY                                            ,,DAYLIGHT                                          ,DRY                                               ,NO CONTROLS                                       ,,DRIVEWAY                                          ,"TWO-WAY, DIVIDED, UNPROTECTED MEDIAN              ",30 ,"LIGHT TRUCK(VAN, MINI VAN, PICK-UP, SPORT UTILITY)",,NO INJURY                                         ,NON FATAL INJURY - NON INCAPACITATING             ,,,MALE                                              ,FEMALE                                            ,1.0,,,CYCLIST                                           ,2017,8,1,8,1,False,True,Summer
2017-07-23 11:48:00,Sunday,MASSACHUSETTS AVENUE,,MASSACHUSETTS AVENUE,42.39196,-71.12411,UNKNOWN                                           ,COLLISION WITH PEDALCYCLE                         ,CLEAR                                             ,,DAYLIGHT                                          ,DRY                                               ,NO CONTROLS                                       ,,NOT AT INTERSECTION                               ,"TWO-WAY, DIVIDED, POSITIVE MEDIAN BARRIER         ",20 ,"LIGHT TRUCK(VAN, MINI VAN, PICK-UP, SPORT UTILITY)",,NO INJURY                                         ,NON FATAL INJURY - NON INCAPACITATING             ,,,MALE                                              ,MALE                                              ,1.0,,,CYCLIST                                           ,2017,7,23,11,6,True,False,Summer
2017-07-23 11:25:00,Sunday,MASSACHUSETTS AVENUE,,MASSACHUSETTS AVENUE,42.3843,-71.11944,"SIDESWIPE, SAME DIRECTION                         ",COLLISION WITH PEDALCYCLE                         ,CLEAR                                             ,,DAYLIGHT                                          ,DRY                                               ,NO CONTROLS                                       ,,NOT AT INTERSECTION                               ,"TWO-WAY, NOT DIVIDED                              ",20 ,PASSENGER CAR                                     ,,NO INJURY                                         ,UNKNOWN                                           ,,,FEMALE                                            ,FEMALE                                            ,1.0,,,CYCLIST                                           ,2017,7,23,11,6,True,False,Summer
2017-07-17 20:09:00,Monday,MASSACHUSETTS AVENUE,,MASSACHUSETTS AVENUE,42.39849,-71.13153,ANGLE                                             ,COLLISION WITH PEDALCYCLE                         ,CLEAR                                             ,,DAYLIGHT                                          ,DRY                                               ,NO CONTROLS                                       ,,NOT AT INTERSECTION                               ,"TWO-WAY, DIVIDED, POSITIVE MEDIAN BARRIER         ",25 ,PASSENGER CAR                                     ,,NO INJURY                                         ,NON FATAL INJURY - NON INCAPACITATING             ,,,MALE                                              ,MALE                                              ,1.0,,,CYCLIST                                           ,2017,7,17,20,0,False,False,Summer
2017-07-12 17:37:00,Wednesday,MASSACHUSETTS AVENUE,,MASSACHUSETTS AVENUE,42.37544081818183,-71.11253827272726,ANGLE                                             ,COLLISION WITH PEDALCYCLE                         ,CLOUDY                                            ,,DAYLIGHT                                          ,DRY                                               ,TRAFFIC CONTROL SIGNAL                            ,YES                                               ,NOT AT INTERSECTION                               ,"TWO-WAY, NOT DIVIDED                              ",25 ,"LIGHT TRUCK(VAN, MINI VAN, PICK-UP, SPORT UTILITY)",,NO INJURY                                         ,NO INJURY                                         ,,,FEMALE                                            ,FEMALE                                            ,1.0,,,CYCLIST                                           ,2017,7,12,17,2,False,True,Summer
2017-07-10 20:15:00,Monday,MASSACHUSETTS AVENUE,PEARL STREET,MASSACHUSETTS AVENUE_AND_PEARL STREET,42.369333,-71.11075,"SIDESWIPE, SAME DIRECTION                         ",COLLISION WITH PEDALCYCLE                         ,CLEAR                                             ,CLEAR                                             ,DAYLIGHT                                          ,DRY                                               ,STOP SIGNS                                        ,YES                                               ,T-INTERSECTION                                    ,"TWO-WAY, NOT DIVIDED                              ",25 ,PASSENGER CAR                                     ,,NO INJURY                                         ,NO INJURY                                         ,,,MALE                                              ,MALE                                              ,1.0,,,,2017,7,10,20,0,False,False,Summer
2017-06-28 17:39:00,Wednesday,CAMBRIDGE STREET,,CAMBRIDGE STREET,42.37527,-71.11261,SINGLE VEHICLE CRASH                              ,COLLISION WITH PEDALCYCLE                         ,CLEAR                                             ,,DAYLIGHT                                          ,DRY                                               ,NO CONTROLS                                       ,,NOT AT INTERSECTION                               ,"TWO-WAY, NOT DIVIDED                              ",25 ,"LIGHT TRUCK(VAN, MINI VAN, PICK-UP, SPORT UTILITY)",,NO INJURY                                         ,NON FATAL INJURY - NON INCAPACITATING             ,,,FEMALE                                            ,MALE                                              ,1.0,,,CYCLIST                                           ,2017,6,28,17,2,False,True,Summer
2017-06-25 21:55:00,Sunday,FAWCETT STREET,,FAWCETT STREET,42.393095,-71.14859999999999,"SIDESWIPE, OPPOSITE DIRECTION                     ",COLLISION WITH PEDALCYCLE                         ,CLEAR                                             ,CLEAR                                             ,DAYLIGHT                                          ,DRY                                               ,NO CONTROLS                                       ,YES                                               ,T-INTERSECTION                                    ,"TWO-WAY, DIVIDED, UNPROTECTED MEDIAN              ",25 ,PASSENGER CAR                                     ,,NO INJURY                                         ,NON FATAL INJURY - POSSIBLE                       ,,,FEMALE                                            ,MALE                                              ,1.0,,,,2017,6,25,21,6,True,False,Summer
2017-06-21 12:12:00,Wednesday,MASSACHUSETTS AVENUE,,MASSACHUSETTS AVENUE,42.36686,-71.10612,ANGLE                                             ,COLLISION WITH PEDALCYCLE                         ,CLEAR                                             ,,DAYLIGHT                                          ,DRY                                               ,TRAFFIC CONTROL SIGNAL                            ,YES                                               ,NOT AT INTERSECTION                               ,"TWO-WAY, DIVIDED, UNPROTECTED MEDIAN              ",25 ,PASSENGER CAR                                     ,,NO INJURY                                         ,NO INJURY                                         ,,,FEMALE                                            ,FEMALE                                            ,1.0,,,,2017,6,21,12,2,False,False,Summer
2017-06-18 07:53:00,Sunday,PACIFIC STREET,,PACIFIC STREET,42.36024,-71.10226,UNKNOWN                                           ,COLLISION WITH PEDALCYCLE                         ,CLOUDY                                            ,,DAYLIGHT                                          ,DRY                                               ,NO CONTROLS                                       ,,NOT AT INTERSECTION                               ,"TWO-WAY, DIVIDED, UNPROTECTED MEDIAN              ",25 ,PASSENGER CAR                                     ,,NO INJURY                                         ,NON FATAL INJURY - NON INCAPACITATING             ,,,MALE                                              ,FEMALE                                            ,1.0,1.0,,PEDESTRIAN                                        ,2017,6,18,7,6,True,True,Summer
2017-06-17 14:30:00,Saturday,MASSACHUSETTS AVENUE,VASSAR ST,MASSACHUSETTS AVENUE_AND_VASSAR ST,42.3639655,-71.1035905,"SIDESWIPE, SAME DIRECTION                         ",COLLISION WITH PEDALCYCLE                         ,CLEAR                                             ,CLEAR                                             ,DAYLIGHT                                          ,DRY                                               ,TRAFFIC CONTROL SIGNAL                            ,YES                                               ,FOUR WAY INTERSECTION                             ,"TWO-WAY, NOT DIVIDED                              ",25 ,TRACTOR / SEMI-TRIALER                            ,,NO INJURY                                         ,,,,FEMALE                                            ,UNKNOWN                                           ,1.0,,,,2017,6,17,14,5,True,False,Summer
2017-06-16 14:53:00,Friday,MASSACHUSETTS AVENUE,,MASSACHUSETTS AVENUE,42.37544081818183,-71.11253827272726,SINGLE VEHICLE CRASH                              ,COLLISION WITH PEDALCYCLE                         ,CLOUDY                                            ,,DAYLIGHT                                          ,DRY                                               ,TRAFFIC CONTROL SIGNAL                            ,YES                                               ,T-INTERSECTION                                    ,"TWO-WAY, NOT DIVIDED                              ",25 ,PASSENGER CAR                                     ,,NO INJURY                                         ,NO INJURY                                         ,,,MALE                                              ,MALE                                              ,1.0,1.0,,,2017,6,16,14,4,False,False,Summer
2017-06-14 23:31:00,Wednesday,HAMPSHIRE STREET,,HAMPSHIRE STREET,42.37163,-71.09829,ANGLE                                             ,COLLISION WITH PEDALCYCLE                         ,CLEAR                                             ,,DARK - LIGHTED ROADWAY                            ,DRY                                               ,NO CONTROLS                                       ,,NOT AT INTERSECTION                               ,"TWO-WAY, DIVIDED, UNPROTECTED MEDIAN              ",25 ,"LIGHT TRUCK(VAN, MINI VAN, PICK-UP, SPORT UTILITY)",,NO INJURY                                         ,NON FATAL INJURY - NON INCAPACITATING             ,,,MALE                                              ,MALE                                              ,1.0,,,CYCLIST                                           ,2017,6,14,23,2,False,False,Summer