Date Time,Day of Week,Street Name Cleaned,Cross Street Cleaned,Intersection_ID,Latitude,Longitude,Manner of Collision,First Harmful Event,Weather Condition 1,Weather Condition 2,Ambient Light,Road Surface Condition,Traffic Control Device Type,Traffic Control Device Functionality,Roadway Junction Type,Trafficway Description,Speed Limit,Object 1,Object 2,P1 Injury,P2 Injury,P1 Age,P2 Age,P1 Sex,P2 Sex,May involve cyclist,May Involve Pedestrian,P1 Non Motorist Desc,P2 Non Motorist Desc,Year,Month,Day,Hour,Day_of_Week_Num,Is_Weekend,Is_Rush_Hour,Season
2017-06-12 18:43:00,Monday,MASS AVENUE,,MASS AVENUE,42.36497,-71.10298,"SIDESWIPE, SAME DIRECTION                         ",COLLISION WITH PEDALCYCLE                         ,CLEAR                                             ,,DAYLIGHT                                          ,DRY                                               ,NO CONTROLS                                       ,YES                                               ,NOT AT INTERSECTION                               ,"TWO-WAY, DIVIDED, UNPROTECTED MEDIAN              ",25 ,PASSENGER CAR                                     ,,NO INJURY                                         ,NO INJURY                                         ,44.0,,MALE                                              ,MALE                                              ,1.0,,,,2017,6,12,18,0,False,True,Summer
2017-06-09 10:45:00,Friday,SOMERVILLE AVE,,SOMERVILLE AVE,42.38808,-71.11827,"SIDESWIPE, SAME DIRECTION                         ",COLLISION WITH PEDALCYCLE                         ,CLEAR                                             ,CLEAR                                             ,DAYLIGHT                                          ,DRY                                               ,NO CONTROLS                                       ,,NOT AT INTERSECTION                               ,"TWO-WAY, DIVIDED, UNPROTECTED MEDIAN              ",0  ,"LIGHT TRUCK(VAN, MINI VAN, PICK-UP, SPORT UTILITY)",,NO INJURY                                         ,NO INJURY                                         ,,,MALE                                              ,FEMALE                                            ,1.0,,,,2017,6,9,10,4,False,False,Summer
2017-06-01 08:30:00,Thursday,VASSAR ST,,VASSAR ST,42.36131,-71.09114,ANGLE                                             ,COLLISION WITH PEDALCYCLE                         ,CLOUDY                                            ,CLEAR                                             ,DAYLIGHT                                          ,DRY                                               ,NO CONTROLS                                       ,,NOT AT INTERSECTION                               ,"TWO-WAY, NOT DIVIDED                              ",25 ,"SINGLE UNIT TRUCK (2 AXLES, 6 TIRES)              ",,NO INJURY                                         ,,,,MALE                                              ,UNKNOWN                                           ,1.0,,,,2017,6,1,8,3,False,True,Summer
2017-05-25 09:41:00,Thursday,THIRD STREET,,THIRD STREET,42.36283,-71.08422,"SIDESWIPE, SAME DIRECTION                         ",COLLISION WITH PEDALCYCLE                         ,CLOUDY                                            ,,DAYLIGHT                                          ,WET                                               ,NO CONTROLS                                       ,YES                                               ,NOT AT INTERSECTION                               ,"TWO-WAY, NOT DIVIDED                              ",25 ,PASSENGER CAR                                     ,,NON FATAL INJURY - NON INCAPACITATING             ,,,,MALE                                              ,MALE                                              ,1.0,,CYCLIST                                           ,,2017,5,25,9,3,False,True,Spring
2017-05-24 20:31:00,Wednesday,SOMERVILLE AVE,,SOMERVILLE AVE,42.38808,-71.11827,ANGLE                                             ,COLLISION WITH PEDALCYCLE                         ,CLEAR                                             ,,DAYLIGHT                                          ,DRY                                               ,TRAFFIC CONTROL SIGNAL                            ,YES                                               ,NOT AT INTERSECTION                               ,"TWO-WAY, NOT DIVIDED                              ",25 ,PASSENGER CAR                                     ,,NO INJURY                                         ,NO INJURY                                         ,,,MALE                                              ,FEMALE                                            ,1.0,,,,2017,5,24,20,2,False,False,Spring
2017-05-24 09:17:00,Wednesday,MASSACHUSETTS AVENUE,,MASSACHUSETTS AVENUE,42.38595,-71.11925,"SIDESWIPE, SAME DIRECTION                         ",COLLISION WITH PEDALCYCLE                         ,CLEAR                                             ,CLOUDY                                            ,DAYLIGHT                                          ,DRY                                               ,NO CONTROLS                                       ,,NOT AT INTERSECTION                               ,"TWO-WAY, DIVIDED, UNPROTECTED MEDIAN              ",25 ,PASSENGER CAR                                     ,,NON FATAL INJURY - NON INCAPACITATING             ,NO INJURY                                         ,,,MALE                                              ,MALE                                              ,1.0,,CYCLIST                                           ,,2017,5,24,9,2,False,True,Spring
2017-05-18 11:00:00,Thursday,VASSAR STREET,,VASSAR STREET,42.358598,-71.096431,ANGLE                                             ,COLLISION WITH PEDALCYCLE                         ,CLEAR                                             ,,DAYLIGHT                                          ,DRY                                               ,NO CONTROLS                                       ,YES                                               ,NOT AT INTERSECTION                               ,"TWO-WAY, NOT DIVIDED                              ",25 ,PASSENGER CAR                                     ,,NO INJURY                                         ,NO INJURY                                         ,,,MALE                                              ,MALE                                              ,1.0,,,CYCLIST                                           ,2017,5,18,11,3,False,False,Spring
2017-05-12 15:53:00,Friday,MASSACHUSETTS AVENUE,DAVENPORT STREET,DAVENPORT STREET_AND_MASSACHUSETTS AVENUE,42.369333,-71.11075,"SIDESWIPE, SAME DIRECTION                         ",COLLISION WITH PEDALCYCLE                         ,CLEAR                                             ,,DAYLIGHT                                          ,DRY                                               ,NO CONTROLS                                       ,,T-INTERSECTION                                    ,"TWO-WAY, DIVIDED, UNPROTECTED MEDIAN              ",25 ,"LIGHT TRUCK(VAN, MINI VAN, PICK-UP, SPORT UTILITY)",,,NON FATAL INJURY - POSSIBLE                       ,,,MALE                                              ,FEMALE                                            ,1.0,,,CYCLIST                                           ,2017,5,12,15,4,False,False,Spring
2017-05-11 16:16:00,Thursday,QUINCY STREET,,QUINCY STREET,42.37592,-71.11425,ANGLE                                             ,COLLISION WITH PEDALCYCLE                         ,CLEAR                                             ,,DAYLIGHT                                          ,DRY                                               ,TRAFFIC CONTROL SIGNAL                            ,YES                                               ,NOT AT INTERSECTION                               ,"TWO-WAY, NOT DIVIDED                              ",25 ,"LIGHT TRUCK(VAN, MINI VAN, PICK-UP, SPORT UTILITY)",,NO INJURY                                         ,NO INJURY                                         ,,,MALE                                              ,MALE                                              ,1.0,,,,2017,5,11,16,3,False,True,Spring
2017-05-05 18:54:00,Friday,THIRD STREET,,THIRD STREET,42.36471,-71.083055,"SIDESWIPE, SAME DIRECTION                         ",COLLISION WITH PEDALCYCLE                         ,CLOUDY                                            ,RAIN                                              ,DAYLIGHT                                          ,WET                                               ,NO CONTROLS                                       ,,NOT AT INTERSECTION                               ,"TWO-WAY, NOT DIVIDED                              ",25 ,PASSENGER CAR                                     ,,NO INJURY                                         ,UNKNOWN                                           ,,,MALE                                              ,FEMALE                                            ,1.0,,CYCLIST                                           ,,2017,5,5,18,4,False,True,Spring
2017-05-02 18:03:00,Tuesday,VASSAR STREET,,VASSAR STREET,42.35742,-71.10036,HEAD ON                                           ,COLLISION WITH PEDALCYCLE                         ,CLOUDY                                            ,,DUSK                                              ,DRY                                               ,NO CONTROLS                                       ,,DRIVEWAY                                          ,"TWO-WAY, NOT DIVIDED                              ",25 ,PASSENGER CAR                                     ,,NO INJURY                                         ,NON FATAL INJURY - NON INCAPACITATING             ,,,MALE                                              ,MALE                                              ,1.0,,,CYCLIST                                           ,2017,5,2,18,1,False,True,Spring
2017-04-27 08:30:00,Thursday,BROADWAY,,BROADWAY,42.3644,-71.08861,SINGLE VEHICLE CRASH                              ,COLLISION WITH PEDALCYCLE                         ,CLOUDY                                            ,,DAYLIGHT                                          ,DRY                                               ,NO CONTROLS                                       ,YES                                               ,NOT AT INTERSECTION                               ,"ONE-WAY, NOT DIVIDED                              ",25 ,PASSENGER CAR                                     ,,NO INJURY                                         ,NO INJURY                                         ,30.0,,FEMALE                                            ,FEMALE                                            ,1.0,,,CYCLIST                                           ,2017,4,27,8,3,False,True,Spring
2017-04-13 20:13:00,Thursday,MASSACHUSETTS AVENUE,ALBANY STREET,ALBANY STREET_AND_MASSACHUSETTS AVENUE,42.369333,-71.11075,ANGLE                                             ,COLLISION WITH PEDALCYCLE                         ,CLEAR                                             ,,DARK - LIGHTED ROADWAY                            ,DRY                                               ,TRAFFIC CONTROL SIGNAL                            ,YES                                               ,FOUR WAY INTERSECTION                             ,"TWO-WAY, NOT DIVIDED                              ",25 ,PASSENGER CAR                                     ,,NO INJURY                                         ,NON FATAL INJURY - NON INCAPACITATING             ,,,MALE                                              ,MALE                                              ,1.0,1.0,,CYCLIST                                           ,2017,4,13,20,3,False,False,Spring
2017-04-11 08:46:00,Tuesday,BROADWAY,,BROADWAY,42.36626,-71.09324,"SIDESWIPE, SAME DIRECTION                         ",COLLISION WITH PEDALCYCLE                         ,CLEAR                                             ,CLEAR                                             ,DAYLIGHT                                          ,DRY                                               ,NO CONTROLS                                       ,,NOT AT INTERSECTION                               ,"TWO-WAY, NOT DIVIDED                              ",UNK,"LIGHT TRUCK(VAN, MINI VAN, PICK-UP, SPORT UTILITY)",,NON FATAL INJURY - NON INCAPACITATING             ,NO INJURY                                         ,28.0,,FEMALE                                            ,MALE                                              ,1.0,,CYCLIST                                           ,,2017,4,11,8,1,False,True,Spring
2017-04-02 18:18:00,Sunday,MASSACHUSETTS AVENUE,VASSAR ST,MASSACHUSETTS AVENUE_AND_VASSAR ST,42.3639655,-71.1035905,"SIDESWIPE, SAME DIRECTION                         ",COLLISION WITH PEDALCYCLE                         ,CLEAR                                             ,,DAYLIGHT                                          ,DRY                                               ,TRAFFIC CONTROL SIGNAL                            ,YES                                               ,FOUR WAY INTERSECTION                             ,"TWO-WAY, NOT DIVIDED                              ",30 ,"LIGHT TRUCK(VAN, MINI VAN, PICK-UP, SPORT UTILITY)",,NO INJURY                                         ,NON FATAL INJURY - NON INCAPACITATING             ,20.0,53.0,MALE                                              ,MALE                                              ,1.0,,,CYCLIST                                           ,2017,4,2,18,6,True,True,Spring
2017-03-18 13:26:00,Saturday,MASSACHUSETTS AVENUE,TEMPLE STREET,MASSACHUSETTS AVENUE_AND_TEMPLE STREET,42.369333,-71.11075,"SIDESWIPE, SAME DIRECTION                         ",COLLISION WITH PEDALCYCLE                         ,CLEAR                                             ,,DAYLIGHT                                          ,DRY                                               ,NO CONTROLS                                       ,,T-INTERSECTION                                    ,"TWO-WAY, DIVIDED, UNPROTECTED MEDIAN              ",25 ,"LIGHT TRUCK(VAN, MINI VAN, PICK-UP, SPORT UTILITY)",,NO INJURY                                         ,NO INJURY                                         ,,,MALE                                              ,FEMALE                                            ,1.0,,,,2017,3,18,13,5,True,False,Spring
2017-02-23 11:00:00,Thursday,VASSAR ST,,VASSAR ST,42.36079,-71.09354,HEAD ON                                           ,COLLISION WITH PEDALCYCLE                         ,CLEAR                                             ,,DAYLIGHT                                          ,DRY                                               ,NO CONTROLS                                       ,,NOT AT INTERSECTION                               ,"TWO-WAY, NOT DIVIDED                              ",,PASSENGER CAR                                     ,,NO INJURY                                         ,NO INJURY                                         ,,,MALE                                              ,MALE                                              ,1.0,,,,2017,2,23,11,3,False,False,Winter
2017-02-17 08:20:00,Friday,BROADWAY,,BROADWAY,42.367850499999996,-71.09733450000002,"SIDESWIPE, SAME DIRECTION                         ",COLLISION WITH PEDALCYCLE                         ,CLEAR                                             ,,DAYLIGHT                                          ,DRY                                               ,TRAFFIC CONTROL SIGNAL                            ,YES                                               ,NOT AT INTERSECTION                               ,"TWO-WAY, DIVIDED, POSITIVE MEDIAN BARRIER         ",,"LIGHT TRUCK(VAN, MINI VAN, PICK-UP, SPORT UTILITY)",,NO INJURY                                         ,NON FATAL INJURY - POSSIBLE                       ,,,MALE                                              ,MALE                                              ,1.0,,,CYCLIST                                           ,2017,2,17,8,4,False,True,Winter
2017-01-31 13:33:00,Tuesday,MASSACHUSETTS AVENUE,SIDNEY ST,MASSACHUSETTS AVENUE_AND_SIDNEY ST,42.369333,-71.11075,ANGLE                                             ,COLLISION WITH PEDALCYCLE                         ,CLOUDY                                            ,,DAYLIGHT                                          ,DRY                                               ,TRAFFIC CONTROL SIGNAL                            ,YES                                               ,FOUR WAY INTERSECTION                             ,"TWO-WAY, NOT DIVIDED                              ",25 ,"LIGHT TRUCK(VAN, MINI VAN, PICK-UP, SPORT UTILITY)",,NO INJURY                                         ,,,,FEMALE                                            ,MALE                                              ,1.0,,,CYCLIST                                           ,2017,1,31,13,1,False,False,Winter
2017-01-23 10:00:00,Monday,AMES ST,,AMES ST,42.3633,-71.08794,"SIDESWIPE, SAME DIRECTION                         ",COLLISION WITH PEDALCYCLE                         ,CLOUDY                                            ,RAIN                                              ,DAYLIGHT                                          ,WET                                               ,NO CONTROLS                                       ,,NOT AT INTERSECTION                               ,"TWO-WAY, NOT DIVIDED                              ",,PASSENGER CAR                                     ,,,NON FATAL INJURY - POSSIBLE                       ,,,MALE                                              ,MALE                                              ,1.0,,,CYCLIST                                           ,2017,1,23,10,0,False,False,Winter
2016-11-23 13:35:00,Wednesday,BENNETT ST,,BENNETT ST,42.37273,-71.12306,ANGLE                                             ,COLLISION WITH PEDALCYCLE                         ,CLEAR                                             ,CLOUDY                                            ,DAYLIGHT                                          ,DRY                                               ,NO CONTROLS                                       ,,NOT AT INTERSECTION                               ,"TWO-WAY, NOT DIVIDED                              ",,"LIGHT TRUCK(VAN, MINI VAN, PICK-UP, SPORT UTILITY)",,NO INJURY                                         ,,,,FEMALE                                            ,MALE                                              ,1.0,,,CYCLIST                                           ,2016,11,23,13,2,False,False,Fall
2016-11-16 16:19:00,Wednesday,HAMPSHIRE STREET,,HAMPSHIRE STREET,42.36983764705883,-71.0960894117647,"SIDESWIPE, SAME DIRECTION                         ",COLLISION WITH PEDALCYCLE                         ,CLOUDY                                            ,,DAYLIGHT                                          ,DRY                                               ,NO CONTROLS                                       ,,NOT AT INTERSECTION                               ,"TWO-WAY, NOT DIVIDED                              ",,PASSENGER CAR                                     ,,NO INJURY                                         ,NON FATAL INJURY - NON INCAPACITATING             ,,,MALE                                              ,MALE                                              ,1.0,,,CYCLIST                                           ,2016,11,16,16,2,False,True,Fall
2016-11-16 09:42:00,Wednesday,MASSACHUSETTS AVENUE,VASSAR ST,MASSACHUSETTS AVENUE_AND_VASSAR ST,42.3639655,-71.1035905,"SIDESWIPE, OPPOSITE DIRECTION                     ",COLLISION WITH PEDALCYCLE                         ,CLOUDY                                            ,,DAYLIGHT                                          ,WET                                               ,TRAFFIC CONTROL SIGNAL                            ,YES                                               ,FOUR WAY INTERSECTION                             ,"TWO-WAY, NOT DIVIDED                              ",,PASSENGER CAR                                     ,,NO INJURY                                         ,NON FATAL INJURY - POSSIBLE                       ,,,MALE                                              ,FEMALE                                            ,1.0,,,CYCLIST                                           ,2016,11,16,9,2,False,True,Fall
2016-11-10 10:16:00,Thursday,MASSACHUSETTS AVENUE,VASSAR STREET,MASSACHUSETTS AVENUE_AND_VASSAR STREET,42.358598,-71.096431,"SIDESWIPE, SAME DIRECTION                         ",COLLISION WITH PEDALCYCLE                         ,CLEAR                                             ,,DAYLIGHT                                          ,DRY                                               ,TRAFFIC CONTROL SIGNAL                            ,YES                                               ,FOUR WAY INTERSECTION                             ,"TWO-WAY, DIVIDED, UNPROTECTED MEDIAN              ",,PASSENGER CAR                                     ,,NO INJURY                                         ,NO INJURY                                         ,,,MALE                                              ,FEMALE                                            ,1.0,,,,2016,11,10,10,3,False,False,Fall
2016-11-07 11:37:00,Monday,MASSACHUSETTS AVENUE,,MASSACHUSETTS AVENUE,42.36494,-71.10293,REAR-END                                          ,COLLISION WITH PEDALCYCLE                         ,CLEAR                                             ,,DAYLIGHT                                          ,DRY                                               ,NO CONTROLS                                       ,,NOT AT INTERSECTION                               ,"TWO-WAY, NOT DIVIDED                              ",30 ,PASSENGER CAR                                     ,,NO INJURY                                         ,NO INJURY                                         ,,,MALE                                              ,FEMALE                                            ,1.0,,,,2016,11,7,11,0,False,False,Fall
2016-11-06 09:57:00,Sunday,LAND BLVD,,LAND BLVD,42.36458,-71.0778,SINGLE VEHICLE CRASH                              ,COLLISION WITH PEDALCYCLE                         ,CLEAR                                             ,,DAYLIGHT                                          ,DRY                                               ,WARNING SIGNS                                     ,YES                                               ,NOT AT INTERSECTION                               ,,,PASSENGER CAR                                     ,,NO INJURY                                         ,,,,MALE                                              ,FEMALE                                            ,1.0,,,,2016,11,6,9,6,True,True,Fall
2016-11-01 18:10:00,Tuesday,MASSACHUSETTS AVENUE,STATE STREET,MASSACHUSETTS AVENUE_AND_STATE STREET,42.369333,-71.11075,ANGLE                                             ,COLLISION WITH PEDALCYCLE                         ,CLEAR                                             ,,DARK - LIGHTED ROADWAY                            ,DRY                                               ,NO CONTROLS                                       ,,Y-INTERSECTION                                    ,"TWO-WAY, NOT DIVIDED                              ",30 ,PASSENGER CAR                                     ,,,,,,MALE                                              ,MALE                                              ,1.0,,,CYCLIST                                           ,2016,11,1,18,1,False,True,Fall
2016-10-29 19:25:00,Saturday,MASSACHUSETTS AVENUE,,MASSACHUSETTS AVENUE,42.36567,-71.10507,ANGLE                                             ,COLLISION WITH PEDALCYCLE                         ,CLOUDY                                            ,,DARK - LIGHTED ROADWAY                            ,DRY                                               ,NO CONTROLS                                       ,NO                                                ,NOT AT INTERSECTION                               ,"TWO-WAY, DIVIDED, UNPROTECTED MEDIAN              ",30 ,"LIGHT TRUCK(VAN, MINI VAN, PICK-UP, SPORT UTILITY)",,NO INJURY                                         ,,,,FEMALE                                            ,FEMALE                                            ,1.0,,,CYCLIST                                           ,2016,10,29,19,5,True,False,Fall
2016-10-27 13:17:00,Thursday,FAWCETT STREET,,FAWCETT STREET,42.39299,-71.1488,ANGLE                                             ,COLLISION WITH PEDALCYCLE                         ,CLOUDY                                            ,,DAWN                                              ,DRY                                               ,NO CONTROLS                                       ,,,"TWO-WAY, DIVIDED, UNPROTECTED MEDIAN              ",,"LIGHT TRUCK(VAN, MINI VAN, PICK-UP, SPORT UTILITY)",,NO INJURY                                         ,,,,MALE                                              ,,1.0,,,,2016,10,27,13,3,False,False,Fall
2016-10-16 16:39:00,Sunday,LINCOLN WAY,,LINCOLN WAY,42.38778,-71.12925,SINGLE VEHICLE CRASH                              ,COLLISION WITH PEDALCYCLE                         ,CLEAR                                             ,,DAYLIGHT                                          ,DRY                                               ,NO CONTROLS                                       ,,UNKNOWN                                           ,UNKNOWN                                           ,,PASSENGER CAR                                     ,,NON FATAL INJURY - POSSIBLE                       ,,,,FEMALE                                            ,,1.0,,,,2016,10,16,16,6,True,True,Fall
2016-10-12 21:26:00,Wednesday,BINNEY ST,SECOND,BINNEY ST_AND_SECOND,42.36507624884,-71.0796976089,REAR-END                                          ,COLLISION WITH PEDALCYCLE                         ,CLEAR                                             ,,DARK - LIGHTED ROADWAY                            ,DRY                                               ,TRAFFIC CONTROL SIGNAL                            ,YES                                               ,FOUR WAY INTERSECTION                             ,"TWO-WAY, DIVIDED, UNPROTECTED MEDIAN              ",30 ,PASSENGER CAR                                     ,,NO INJURY                                         ,,,,MALE                                              ,FEMALE                                            ,1.0,,CYCLIST                                           ,,2016,10,12,21,2,False,False,Fall
2016-10-07 14:00:00,Friday,GREEN ST,,GREEN ST,42.36633,-71.10679,SINGLE VEHICLE CRASH                              ,COLLISION WITH PEDALCYCLE                         ,CLEAR                                             ,CLEAR                                             ,DAYLIGHT                                          ,DRY                                               ,NO CONTROLS                                       ,,NOT AT INTERSECTION                               ,,25 ,"LIGHT TRUCK(VAN, MINI VAN, PICK-UP, SPORT UTILITY)",,,NON FATAL INJURY - NON INCAPACITATING             ,,,MALE                                              ,MALE                                              ,1.0,,,CYCLIST                                           ,2016,10,7,14,4,False,False,Fall
2016-10-07 13:08:00,Friday,GREEN STREET,,GREEN STREET,42.36559,-71.10555,SINGLE VEHICLE CRASH                              ,COLLISION WITH PEDALCYCLE                         ,CLEAR                                             ,CLEAR                                             ,DAYLIGHT                                          ,DRY                                               ,NO CONTROLS                                       ,NO                                                ,NOT AT INTERSECTION                               ,UNKNOWN                                           ,25 ,"LIGHT TRUCK(VAN, MINI VAN, PICK-UP, SPORT UTILITY)",,NO INJURY                                         ,,,,MALE                                              ,UNKNOWN                                           ,1.0,,,,2016,10,7,13,4,False,False,Fall
2016-10-05 13:44:00,Wednesday,MT. AUBURN STREET,,MT. AUBURN STREET,42.37351,-71.12331,SINGLE VEHICLE CRASH                              ,COLLISION WITH PEDALCYCLE                         ,CLEAR                                             ,,DAYLIGHT                                          ,DRY                                               ,NO CONTROLS                                       ,,NOT AT INTERSECTION                               ,"TWO-WAY, DIVIDED, UNPROTECTED MEDIAN              ",,PASSENGER CAR                                     ,,,NON FATAL INJURY - NON INCAPACITATING             ,,,MALE                                              ,FEMALE                                            ,1.0,,,CYCLIST                                           ,2016,10,5,13,2,False,False,Fall
2016-10-05 08:05:00,Wednesday,MASSACHUSETTS AVENUE,,MASSACHUSETTS AVENUE,42.37544081818183,-71.11253827272726,UNKNOWN                                           ,COLLISION WITH PEDALCYCLE                         ,CLEAR                                             ,,DAYLIGHT                                          ,DRY                                               ,TRAFFIC CONTROL SIGNAL                            ,YES                                               ,NOT AT INTERSECTION                               ,"TWO-WAY, DIVIDED, POSITIVE MEDIAN BARRIER         ",,TRACTOR / SEMI-TRIALER                            ,,NO INJURY                                         ,,,,MALE                                              ,UNKNOWN                                           ,1.0,,,,2016,10,5,8,2,False,True,Fall
2016-09-27 09:25:00,Tuesday,BROADWAY,,BROADWAY,42.367850499999996,-71.09733450000002,"SIDESWIPE, SAME DIRECTION                         ",COLLISION WITH PEDALCYCLE                         ,CLOUDY                                            ,,DAYLIGHT                                          ,WET                                               ,NO CONTROLS                                       ,,NOT AT INTERSECTION                               ,"TWO-WAY, NOT DIVIDED                              ",,PASSENGER CAR                                     ,,NO INJURY                                         ,NO INJURY                                         ,,,MALE                                              ,MALE                                              ,1.0,,,,2016,9,27,9,1,False,True,Fall
2016-09-23 16:57:00,Friday,CAMBRIDGE STREET,,CAMBRIDGE STREET,42.37230041666667,-71.08960208333333,REAR-END                                          ,COLLISION WITH PEDALCYCLE                         ,CLOUDY                                            ,,DAYLIGHT                                          ,DRY                                               ,,,,"TWO-WAY, DIVIDED, POSITIVE MEDIAN BARRIER         ",,"LIGHT TRUCK(VAN, MINI VAN, PICK-UP, SPORT UTILITY)",,,NON FATAL INJURY - NON INCAPACITATING             ,,,FEMALE                                            ,MALE                                              ,1.0,,,CYCLIST                                           ,2016,9,23,16,4,False,True,Fall
2016-09-22 09:36:00,Thursday,BROADWAY,,BROADWAY,42.367850499999996,-71.09733450000002,SINGLE VEHICLE CRASH                              ,COLLISION WITH PEDALCYCLE                         ,CLEAR                                             ,CLEAR                                             ,DAYLIGHT                                          ,DRY                                               ,NO CONTROLS                                       ,,NOT AT INTERSECTION                               ,"TWO-WAY, DIVIDED, UNPROTECTED MEDIAN              ",000,PASSENGER CAR                                     ,,NO INJURY                                         ,NO INJURY                                         ,,,MALE                                              ,FEMALE                                            ,1.0,,,CYCLIST                                           ,2016,9,22,9,3,False,True,Fall
2016-09-20 21:11:00,Tuesday,SIXTH ST,,SIXTH ST,42.37202,-71.08469,"SIDESWIPE, SAME DIRECTION                         ",COLLISION WITH PEDALCYCLE                         ,CLEAR                                             ,,DARK - LIGHTED ROADWAY                            ,DRY                                               ,NO CONTROLS                                       ,,NOT AT INTERSECTION                               ,"TWO-WAY, NOT DIVIDED                              ",25 ,"LIGHT TRUCK(VAN, MINI VAN, PICK-UP, SPORT UTILITY)",,,,,,MALE                                              ,MALE                                              ,1.0,,,CYCLIST                                           ,2016,9,20,21,1,False,False,Fall
2016-09-13 09:15:00,Tuesday,MASSACHUSETTS AVENUE,,MASSACHUSETTS AVENUE,42.37544081818183,-71.11253827272726,UNKNOWN                                           ,COLLISION WITH PEDALCYCLE                         ,CLEAR                                             ,,DAYLIGHT                                          ,DRY                                               ,TRAFFIC CONTROL SIGNAL                            ,YES                                               ,NOT AT INTERSECTION                               ,"TWO-WAY, NOT DIVIDED                              ",,BUS SEATS MORE THAN 15 PEOPLE                     ,,NO INJURY                                         ,,,,MALE                                              ,UNKNOWN                                           ,1.0,,,,2016,9,13,9,1,False,True,Fall
2016-09-10 17:15:00,Saturday,MASSACHUSETTS AVENUE,,MASSACHUSETTS AVENUE,42.39433,-71.12678,"SIDESWIPE, SAME DIRECTION                         ",COLLISION WITH PEDALCYCLE                         ,CLEAR                                             ,,DAYLIGHT                                          ,DRY                                               ,NO CONTROLS                                       ,,NOT AT INTERSECTION                               ,"TWO-WAY, DIVIDED, UNPROTECTED MEDIAN              ",,PASSENGER CAR                                     ,,NO INJURY                                         ,,,,FEMALE                                            ,FEMALE                                            ,1.0,,,CYCLIST                                           ,2016,9,10,17,5,True,True,Fall
2016-09-09 10:15:00,Friday,CAMBRIDGE STREET,,CAMBRIDGE STREET,42.37075,-71.07767,REAR-END                                          ,COLLISION WITH PEDALCYCLE                         ,CLOUDY                                            ,,DAYLIGHT                                          ,DRY                                               ,NO CONTROLS                                       ,,NOT AT INTERSECTION                               ,"TWO-WAY, DIVIDED, UNPROTECTED MEDIAN              ",,PASSENGER CAR                                     ,,,,,,FEMALE                                            ,MALE                                              ,1.0,,,,2016,9,9,10,4,False,False,Fall
2016-09-07 11:55:00,Wednesday,CAMBRIDGE STREET,,CAMBRIDGE STREET,42.37230041666667,-71.08960208333333,"SIDESWIPE, SAME DIRECTION                         ",COLLISION WITH PEDALCYCLE                         ,CLOUDY                                            ,,DAYLIGHT                                          ,DRY                                               ,NO CONTROLS                                       ,,NOT AT INTERSECTION                               ,"TWO-WAY, NOT DIVIDED                              ",,PASSENGER CAR                                     ,,NO INJURY                                         ,,,,FEMALE                                            ,UNKNOWN                                           ,1.0,,,,2016,9,7,11,2,False,False,Fall
2016-09-02 13:15:00,Friday,PROSPECT STREET,,PROSPECT STREET,42.37162,-71.0994,UNKNOWN                                           ,COLLISION WITH PEDALCYCLE                         ,CLEAR                                             ,CLOUDY                                            ,DAYLIGHT                                          ,DRY                                               ,,,NOT AT INTERSECTION                               ,"TWO-WAY, NOT DIVIDED                              ",,PASSENGER CAR                                     ,,NO INJURY                                         ,NON FATAL INJURY - POSSIBLE                       ,,,MALE                                              ,FEMALE                                            ,1.0,,,CYCLIST                                           ,2016,9,2,13,4,False,False,Fall