Date Time,Day of Week,Street Name Cleaned,Cross Street Cleaned,Intersection_ID,Latitude,Longitude,Manner of Collision,First Harmful Event,Weather Condition 1,Weather Condition 2,Ambient Light,Road Surface Condition,Traffic Control Device Type,Traffic Control Device Functionality,Roadway Junction Type,Trafficway Description,Speed Limit,Object 1,Object 2,P1 Injury,P2 Injury,P1 Age,P2 Age,P1 Sex,P2 Sex,May involve cyclist,May Involve Pedestrian,P1 Non Motorist Desc,P2 Non Motorist Desc,Year,Month,Day,Hour,Day_of_Week_Num,Is_Weekend,Is_Rush_Hour,Season
2016-08-31 15:15:00,Wednesday,ALBANY STREET,,ALBANY STREET,42.35924,-71.09958,UNKNOWN                                           ,COLLISION WITH PEDALCYCLE                         ,CLOUDY                                            ,,DAYLIGHT                                          ,DRY                                               ,NO CONTROLS                                       ,,NOT AT INTERSECTION                               ,"TWO-WAY, NOT DIVIDED                              ",,"LIGHT TRUCK(VAN, MINI VAN, PICK-UP, SPORT UTILITY)",,NON FATAL INJURY - INCAPACITATING                 ,,,,FEMALE                                            ,MALE                                              ,1.0,,,,2016,8,31,15,2,False,False,Summer
2016-08-31 08:55:00,Wednesday,MASSACHUSETTS AVENUE,,MASSACHUSETTS AVENUE,42.36686,-71.10612,"SIDESWIPE, SAME DIRECTION                         ",COLLISION WITH PEDALCYCLE                         ,CLEAR                                             ,CLOUDY                                            ,DAYLIGHT                                          ,DRY                                               ,,,NOT AT INTERSECTION                               ,"TWO-WAY, NOT DIVIDED                              ",,"LIGHT TRUCK(VAN, MINI VAN, PICK-UP, SPORT UTILITY)",,NO INJURY                                         ,,,,MALE                                              ,UNKNOWN                                           ,1.0,,,,2016,8,31,8,2,False,True,Summer
2016-08-30 10:10:00,Tuesday,MASSACHUSETTS AVENUE,,MASSACHUSETTS AVENUE,42.35967,-71.09416,"SIDESWIPE, SAME DIRECTION                         ",COLLISION WITH PEDALCYCLE                         ,CLEAR                                             ,CLOUDY                                            ,DAYLIGHT                                          ,DRY                                               ,NO CONTROLS                                       ,,NOT AT INTERSECTION                               ,"TWO-WAY, NOT DIVIDED                              ",,"LIGHT TRUCK(VAN, MINI VAN, PICK-UP, SPORT UTILITY)",,NO INJURY                                         ,NO INJURY                                         ,,,MALE                                              ,FEMALE                                            ,1.0,,,,2016,8,30,10,1,False,False,Summer
2016-08-21 15:05:00,Sunday,MASSACHUSETTS AVENUE,VASSAR STREET,MASSACHUSETTS AVENUE_AND_VASSAR STREET,42.358598,-71.096431,"SIDESWIPE, SAME DIRECTION                         ",COLLISION WITH PEDALCYCLE                         ,CLEAR                                             ,,DAYLIGHT                                          ,DRY                                               ,TRAFFIC CONTROL SIGNAL                            ,YES                                               ,FOUR WAY INTERSECTION                             ,"TWO-WAY, DIVIDED, UNPROTECTED MEDIAN              ",,,,NON FATAL INJURY - POSSIBLE                       ,,,,FEMALE                                            ,,1.0,,CYCLIST                                           ,,2016,8,21,15,6,True,False,Summer
2016-08-15 08:00:00,Monday,ALBANY STREET,,ALBANY STREET,42.35792,-71.10227,"SIDESWIPE, SAME DIRECTION                         ",COLLISION WITH PEDALCYCLE                         ,CLEAR                                             ,CLEAR                                             ,DAYLIGHT                                          ,DRY                                               ,NO CONTROLS                                       ,,NOT AT INTERSECTION                               ,"TWO-WAY, NOT DIVIDED                              ",,TRUCK TRAILER                                     ,,NO INJURY                                         ,NON FATAL INJURY - POSSIBLE                       ,,,MALE                                              ,MALE                                              ,1.0,,,CYCLIST                                           ,2016,8,15,8,0,False,True,Summer
2016-08-09 19:00:00,Tuesday,MASSACHUSETTS AVENUE,LINNAEAN STREET,LINNAEAN STREET_AND_MASSACHUSETTS AVENUE,42.369333,-71.11075,ANGLE                                             ,COLLISION WITH PEDALCYCLE                         ,CLEAR                                             ,CLEAR                                             ,DAYLIGHT                                          ,DRY                                               ,TRAFFIC CONTROL SIGNAL                            ,YES                                               ,T-INTERSECTION                                    ,"TWO-WAY, DIVIDED, POSITIVE MEDIAN BARRIER         ",,PASSENGER CAR                                     ,,UNKNOWN                                           ,NO INJURY                                         ,,,FEMALE                                            ,MALE                                              ,1.0,,CYCLIST                                           ,,2016,8,9,19,1,False,False,Summer
2016-08-09 18:16:00,Tuesday,HAMPSHIRE STREET,,HAMPSHIRE STREET,42.36983764705883,-71.0960894117647,"SIDESWIPE, SAME DIRECTION                         ",COLLISION WITH PEDALCYCLE                         ,CLEAR                                             ,,DAYLIGHT                                          ,DRY                                               ,NO CONTROLS                                       ,,NOT AT INTERSECTION                               ,"TWO-WAY, NOT DIVIDED                              ",30 ,PASSENGER CAR                                     ,,NON FATAL INJURY - NON INCAPACITATING             ,NO INJURY                                         ,,,MALE                                              ,MALE                                              ,1.0,,CYCLIST                                           ,,2016,8,9,18,1,False,True,Summer
2016-08-09 10:43:00,Tuesday,COLUMBIA ST,,COLUMBIA ST,42.36674,-71.09801,"SIDESWIPE, SAME DIRECTION                         ",COLLISION WITH PEDALCYCLE                         ,CLEAR                                             ,,DAYLIGHT                                          ,DRY                                               ,NO CONTROLS                                       ,,NOT AT INTERSECTION                               ,"TWO-WAY, NOT DIVIDED                              ",,"LIGHT TRUCK(VAN, MINI VAN, PICK-UP, SPORT UTILITY)","LIGHT TRUCK(VAN, MINI VAN, PICK-UP, SPORT UTILITY)",,,,,FEMALE                                            ,MALE                                              ,1.0,,,,2016,8,9,10,1,False,False,Summer
2016-08-09 09:40:00,Tuesday,MASSACHUSETTS AVENUE,,MASSACHUSETTS AVENUE,42.35937,-71.09462,"SIDESWIPE, SAME DIRECTION                         ",COLLISION WITH PEDALCYCLE                         ,CLEAR                                             ,,DAYLIGHT                                          ,DRY                                               ,NO CONTROLS                                       ,,NOT AT INTERSECTION                               ,"TWO-WAY, NOT DIVIDED                              ",,PASSENGER CAR                                     ,,NO INJURY                                         ,NON FATAL INJURY - POSSIBLE                       ,,,MALE                                              ,FEMALE                                            ,1.0,,,CYCLIST                                           ,2016,8,9,9,1,False,True,Summer
2016-08-05 18:39:00,Friday,MASSACHUSETTS AVENUE,,MASSACHUSETTS AVENUE,42.36418,-71.10167,"SIDESWIPE, SAME DIRECTION                         ",COLLISION WITH PEDALCYCLE                         ,CLEAR                                             ,,DAYLIGHT                                          ,DRY                                               ,,,,,30 ,PASSENGER CAR                                     ,,NON FATAL INJURY - NON INCAPACITATING             ,,,,MALE                                              ,MALE                                              ,1.0,,CYCLIST                                           ,,2016,8,5,18,4,False,True,Summer
2016-07-29 17:32:00,Friday,FAWCETT STREET,,FAWCETT STREET,42.3932,-71.1484,SINGLE VEHICLE CRASH                              ,COLLISION WITH PEDALCYCLE                         ,CLEAR                                             ,CLEAR                                             ,DAYLIGHT                                          ,DRY                                               ,NO CONTROLS                                       ,,DRIVEWAY                                          ,,,PASSENGER CAR                                     ,,,,,44.0,FEMALE                                            ,FEMALE                                            ,1.0,,,,2016,7,29,17,4,False,True,Summer
2016-07-25 11:50:00,Monday,MASSACHUSETTS AVENUE,NORFOLK ST,MASSACHUSETTS AVENUE_AND_NORFOLK ST,42.369333,-71.11075,ANGLE                                             ,COLLISION WITH PEDALCYCLE                         ,CLEAR                                             ,CLOUDY                                            ,DAYLIGHT                                          ,DRY                                               ,STOP SIGNS                                        ,YES                                               ,T-INTERSECTION                                    ,"TWO-WAY, NOT DIVIDED                              ",,"LIGHT TRUCK(VAN, MINI VAN, PICK-UP, SPORT UTILITY)",,NO INJURY                                         ,,,,MALE                                              ,UNKNOWN                                           ,1.0,,,,2016,7,25,11,0,False,False,Summer
2016-07-13 20:41:00,Wednesday,1688 MASSACHUSETTS AVENUE,,1688 MASSACHUSETTS AVENUE,42.38272,-71.11961,SINGLE VEHICLE CRASH                              ,COLLISION WITH PEDALCYCLE                         ,CLEAR                                             ,,DAYLIGHT                                          ,DRY                                               ,NO CONTROLS                                       ,,NOT AT INTERSECTION                               ,"TWO-WAY, DIVIDED, POSITIVE MEDIAN BARRIER         ",30 ,PASSENGER CAR                                     ,,NO INJURY                                         ,NO INJURY                                         ,,,FEMALE                                            ,MALE                                              ,1.0,,,CYCLIST                                           ,2016,7,13,20,2,False,False,Summer
2016-07-13 09:13:00,Wednesday,MASSACHUSETTS AVENUE,,MASSACHUSETTS AVENUE,42.38994,-71.12055,REAR-END                                          ,COLLISION WITH PEDALCYCLE                         ,CLEAR                                             ,CLEAR                                             ,DAYLIGHT                                          ,DRY                                               ,NO CONTROLS                                       ,,NOT AT INTERSECTION                               ,"TWO-WAY, NOT DIVIDED                              ",30 ,PASSENGER CAR                                     ,OTHER                                             ,NON FATAL INJURY - POSSIBLE                       ,,,,MALE                                              ,,1.0,,CYCLIST                                           ,,2016,7,13,9,2,False,True,Summer
2016-07-12 08:45:00,Tuesday,MASSACHUSETTS AVENUE,STATE STREET,MASSACHUSETTS AVENUE_AND_STATE STREET,42.369333,-71.11075,ANGLE                                             ,COLLISION WITH PEDALCYCLE                         ,CLEAR                                             ,,DAYLIGHT                                          ,DRY                                               ,NO CONTROLS                                       ,,UNKNOWN                                           ,"TWO-WAY, NOT DIVIDED                              ",,PASSENGER CAR                                     ,,NO INJURY                                         ,NO INJURY                                         ,,,MALE                                              ,FEMALE                                            ,1.0,,,,2016,7,12,8,1,False,True,Summer
2016-06-29 20:06:00,Wednesday,MASSACHUSETTS AVENUE,LEE STREET,LEE STREET_AND_MASSACHUSETTS AVENUE,42.369333,-71.11075,ANGLE                                             ,COLLISION WITH PEDALCYCLE                         ,CLEAR                                             ,,DAYLIGHT                                          ,DRY                                               ,NO CONTROLS                                       ,,T-INTERSECTION                                    ,"TWO-WAY, DIVIDED, UNPROTECTED MEDIAN              ",,PASSENGER CAR                                     ,,,NO INJURY                                         ,,,FEMALE                                            ,FEMALE                                            ,1.0,,CYCLIST                                           ,,2016,6,29,20,2,False,False,Summer
2016-06-29 17:31:00,Wednesday,MASSACHUSETTS AVENUE,,MASSACHUSETTS AVENUE,42.38625,-71.11922,SINGLE VEHICLE CRASH                              ,COLLISION WITH PEDALCYCLE                         ,CLEAR                                             ,,DAYLIGHT                                          ,DRY                                               ,NO CONTROLS                                       ,,NOT AT INTERSECTION                               ,"TWO-WAY, DIVIDED, POSITIVE MEDIAN BARRIER         ",,"LIGHT TRUCK(VAN, MINI VAN, PICK-UP, SPORT UTILITY)",,,,,,MALE                                              ,FEMALE                                            ,1.0,,,,2016,6,29,17,2,False,True,Summer
2016-06-22 08:35:00,Wednesday,BINNEY ST,,BINNEY ST,42.36675,-71.08856,"SIDESWIPE, SAME DIRECTION                         ",COLLISION WITH PEDALCYCLE                         ,CLEAR                                             ,CLOUDY                                            ,DAYLIGHT                                          ,DRY                                               ,NO CONTROLS                                       ,,NOT AT INTERSECTION                               ,"TWO-WAY, NOT DIVIDED                              ",,"LIGHT TRUCK(VAN, MINI VAN, PICK-UP, SPORT UTILITY)",,NO INJURY                                         ,NO INJURY                                         ,,,MALE                                              ,FEMALE                                            ,1.0,,,,2016,6,22,8,2,False,True,Summer
2016-06-21 07:45:00,Tuesday,CHAUNCY ST,,CHAUNCY ST,42.37938,-71.1232,"SIDESWIPE, SAME DIRECTION                         ",COLLISION WITH PEDALCYCLE                         ,CLOUDY                                            ,,DAYLIGHT                                          ,DRY                                               ,NO CONTROLS                                       ,,NOT AT INTERSECTION                               ,"ONE-WAY, NOT DIVIDED                              ",,PASSENGER CAR                                     ,,NO INJURY                                         ,NON FATAL INJURY - POSSIBLE                       ,,,MALE                                              ,MALE                                              ,1.0,,,CYCLIST                                           ,2016,6,21,7,1,False,True,Summer
2016-06-19 16:06:00,Sunday,MASSACHUSETTS AVENUE,,MASSACHUSETTS AVENUE,42.37178,-71.11504,"SIDESWIPE, SAME DIRECTION                         ",COLLISION WITH PEDALCYCLE                         ,CLEAR                                             ,,DAYLIGHT                                          ,DRY                                               ,NO CONTROLS                                       ,,NOT AT INTERSECTION                               ,"ONE-WAY, NOT DIVIDED                              ",30 ,"LIGHT TRUCK(VAN, MINI VAN, PICK-UP, SPORT UTILITY)",,NO INJURY                                         ,NON FATAL INJURY - NON INCAPACITATING             ,,,MALE                                              ,MALE                                              ,1.0,,,CYCLIST                                           ,2016,6,19,16,6,True,True,Summer
2016-06-08 14:15:00,Wednesday,MASSACHUSETTS AVENUE,VASSAR ST,MASSACHUSETTS AVENUE_AND_VASSAR ST,42.3639655,-71.1035905,ANGLE                                             ,COLLISION WITH PEDALCYCLE                         ,CLEAR                                             ,,DAYLIGHT                                          ,DRY                                               ,TRAFFIC CONTROL SIGNAL                            ,YES                                               ,FOUR WAY INTERSECTION                             ,"TWO-WAY, NOT DIVIDED                              ",,PASSENGER CAR                                     ,,NO INJURY                                         ,NON FATAL INJURY - POSSIBLE                       ,,,FEMALE                                            ,FEMALE                                            ,1.0,,,CYCLIST                                           ,2016,6,8,14,2,False,False,Summer
2016-06-06 19:24:00,Monday,MASSACHUSETTS AVENUE,ALBANY STREET,ALBANY STREET_AND_MASSACHUSETTS AVENUE,42.369333,-71.11075,ANGLE                                             ,COLLISION WITH PEDALCYCLE                         ,CLEAR                                             ,,DAYLIGHT                                          ,DRY                                               ,TRAFFIC CONTROL SIGNAL                            ,YES                                               ,FOUR WAY INTERSECTION                             ,"TWO-WAY, NOT DIVIDED                              ",,PASSENGER CAR                                     ,,NO INJURY                                         ,NON FATAL INJURY - NON INCAPACITATING             ,,,MALE                                              ,FEMALE                                            ,1.0,,,CYCLIST                                           ,2016,6,6,19,0,False,False,Summer
2016-06-05 22:45:00,Sunday,MASSACHUSETTS AVENUE,ALBANY STREET,ALBANY STREET_AND_MASSACHUSETTS AVENUE,42.369333,-71.11075,ANGLE                                             ,COLLISION WITH PEDALCYCLE                         ,RAIN                                              ,CLOUDY                                            ,DARK - LIGHTED ROADWAY                            ,WET                                               ,TRAFFIC CONTROL SIGNAL                            ,YES                                               ,FOUR WAY INTERSECTION                             ,"TWO-WAY, DIVIDED, UNPROTECTED MEDIAN              ",35 ,PASSENGER CAR                                     ,,,,,,MALE                                              ,MALE                                              ,1.0,,CYCLIST                                           ,,2016,6,5,22,6,True,False,Summer
2016-06-01 12:45:00,Wednesday,MASSACHUSETTS AVENUE,,MASSACHUSETTS AVENUE,42.37404,-71.11889,"SIDESWIPE, SAME DIRECTION                         ",COLLISION WITH PEDALCYCLE                         ,CLEAR                                             ,,DAYLIGHT                                          ,DRY                                               ,NO CONTROLS                                       ,,NOT AT INTERSECTION                               ,"TWO-WAY, DIVIDED, POSITIVE MEDIAN BARRIER         ",,PASSENGER CAR                                     ,,,NON FATAL INJURY - POSSIBLE                       ,,,MALE                                              ,FEMALE                                            ,1.0,,,CYCLIST                                           ,2016,6,1,12,2,False,False,Summer
2016-05-25 11:12:00,Wednesday,MASSACHUSETTS AVENUE,,MASSACHUSETTS AVENUE,42.37544081818183,-71.11253827272726,SINGLE VEHICLE CRASH                              ,COLLISION WITH PEDALCYCLE                         ,CLEAR                                             ,,DAYLIGHT                                          ,DRY                                               ,NO CONTROLS                                       ,NO                                                ,NOT AT INTERSECTION                               ,"TWO-WAY, DIVIDED, UNPROTECTED MEDIAN              ",,PASSENGER CAR                                     ,,NO INJURY                                         ,NON FATAL INJURY - NON INCAPACITATING             ,,,FEMALE                                            ,FEMALE                                            ,1.0,,,CYCLIST                                           ,2016,5,25,11,2,False,False,Spring
2016-05-25 10:16:00,Wednesday,AMES ST,,AMES ST,42.3633,-71.08794,ANGLE                                             ,COLLISION WITH PEDALCYCLE                         ,CLEAR                                             ,CLEAR                                             ,DAYLIGHT                                          ,DRY                                               ,NO CONTROLS                                       ,,NOT AT INTERSECTION                               ,"TWO-WAY, NOT DIVIDED                              ",,BUS SEATS MORE THAN 15 PEOPLE                     ,,NO INJURY                                         ,NON FATAL INJURY - INCAPACITATING                 ,,,MALE                                              ,FEMALE                                            ,1.0,,,CYCLIST                                           ,2016,5,25,10,2,False,False,Spring
2016-05-12 08:20:00,Thursday,MASSACHUSETTS AVENUE,SIDNEY ST,MASSACHUSETTS AVENUE_AND_SIDNEY ST,42.369333,-71.11075,ANGLE                                             ,COLLISION WITH PEDALCYCLE                         ,CLEAR                                             ,,DAYLIGHT                                          ,DRY                                               ,TRAFFIC CONTROL SIGNAL                            ,YES                                               ,FOUR WAY INTERSECTION                             ,"TWO-WAY, NOT DIVIDED                              ",,TRACTOR / SEMI-TRIALER                            ,,NO INJURY                                         ,,,,MALE                                              ,,1.0,,,,2016,5,12,8,3,False,True,Spring
2016-05-09 15:10:00,Monday,MASSACHUSETTS AVENUE,,MASSACHUSETTS AVENUE,42.38961,-71.12019,"SIDESWIPE, SAME DIRECTION                         ",COLLISION WITH PEDALCYCLE                         ,CLEAR                                             ,CLOUDY                                            ,DAYLIGHT                                          ,DRY                                               ,,,NOT AT INTERSECTION                               ,"TWO-WAY, DIVIDED, POSITIVE MEDIAN BARRIER         ",,PASSENGER CAR                                     ,,NO INJURY                                         ,NO INJURY                                         ,,,MALE                                              ,FEMALE                                            ,1.0,,,,2016,5,9,15,0,False,False,Spring
2016-04-30 18:20:00,Saturday,CAMBRIDGE STREET,,CAMBRIDGE STREET,42.37230041666667,-71.08960208333333,"SIDESWIPE, SAME DIRECTION                         ",COLLISION WITH PEDALCYCLE                         ,CLEAR                                             ,,DAYLIGHT                                          ,DRY                                               ,TRAFFIC CONTROL SIGNAL                            ,YES                                               ,FOUR WAY INTERSECTION                             ,"TWO-WAY, NOT DIVIDED                              ",30 ,"LIGHT TRUCK(VAN, MINI VAN, PICK-UP, SPORT UTILITY)",,NO INJURY                                         ,NO INJURY                                         ,,,MALE                                              ,MALE                                              ,1.0,,,CYCLIST                                           ,2016,4,30,18,5,True,True,Spring
2016-04-29 12:50:00,Friday,MASSACHUSETTS AVENUE,,MASSACHUSETTS AVENUE,42.37379,-71.11887,,COLLISION WITH PEDALCYCLE                         ,CLOUDY                                            ,,DAYLIGHT                                          ,DRY                                               ,TRAFFIC CONTROL SIGNAL                            ,YES                                               ,NOT AT INTERSECTION                               ,"TWO-WAY, NOT DIVIDED                              ",,"LIGHT TRUCK(VAN, MINI VAN, PICK-UP, SPORT UTILITY)",,UNKNOWN                                           ,,,,FEMALE                                            ,MALE                                              ,1.0,,CYCLIST                                           ,,2016,4,29,12,4,False,False,Spring
2016-04-21 12:15:00,Thursday,BROADWAY,,BROADWAY,42.36314,-71.08564,ANGLE                                             ,COLLISION WITH PEDALCYCLE                         ,CLEAR                                             ,,DAYLIGHT                                          ,DRY                                               ,NO CONTROLS                                       ,,NOT AT INTERSECTION                               ,"TWO-WAY, DIVIDED, POSITIVE MEDIAN BARRIER         ",,"LIGHT TRUCK(VAN, MINI VAN, PICK-UP, SPORT UTILITY)",,NO INJURY                                         ,,,,MALE                                              ,MALE                                              ,1.0,,CYCLIST                                           ,,2016,4,21,12,3,False,False,Spring
2016-04-20 08:10:00,Wednesday,OXFORD STREET,PRENTISS ST,OXFORD STREET_AND_PRENTISS ST,42.38136,-71.11605,ANGLE                                             ,COLLISION WITH PEDALCYCLE                         ,CLEAR                                             ,,DAYLIGHT                                          ,DRY                                               ,NO CONTROLS                                       ,,FOUR WAY INTERSECTION                             ,"TWO-WAY, NOT DIVIDED                              ",,"LIGHT TRUCK(VAN, MINI VAN, PICK-UP, SPORT UTILITY)",,NO INJURY                                         ,NO INJURY                                         ,,,FEMALE                                            ,FEMALE                                            ,1.0,,,,2016,4,20,8,2,False,True,Spring
2016-04-07 11:03:00,Thursday,MASSACHUSETTS AVENUE,,MASSACHUSETTS AVENUE,42.37544081818183,-71.11253827272726,ANGLE                                             ,COLLISION WITH PEDALCYCLE                         ,RAIN                                              ,CLOUDY                                            ,DAYLIGHT                                          ,WET                                               ,TRAFFIC CONTROL SIGNAL                            ,YES                                               ,T-INTERSECTION                                    ,UNKNOWN                                           ,,PASSENGER CAR                                     ,,,,,,MALE                                              ,FEMALE                                            ,1.0,,,,2016,4,7,11,3,False,False,Spring
2016-04-06 19:51:00,Wednesday,RINDGE AVE,,RINDGE AVE,42.39311,-71.14018,"SIDESWIPE, OPPOSITE DIRECTION                     ",COLLISION WITH PEDALCYCLE                         ,CLEAR                                             ,,DARK - LIGHTED ROADWAY                            ,DRY                                               ,NO CONTROLS                                       ,,DRIVEWAY                                          ,"TWO-WAY, NOT DIVIDED                              ",,PASSENGER CAR                                     ,,NO INJURY                                         ,NON FATAL INJURY - NON INCAPACITATING             ,,,MALE                                              ,MALE                                              ,1.0,,,CYCLIST                                           ,2016,4,6,19,2,False,False,Spring
2016-03-31 11:10:00,Thursday,WADSWORTH,,WADSWORTH,42.36145,-71.08403,ANGLE                                             ,COLLISION WITH PEDALCYCLE                         ,CLEAR                                             ,CLOUDY                                            ,DAYLIGHT                                          ,DRY                                               ,,,NOT AT INTERSECTION                               ,"ONE-WAY, NOT DIVIDED                              ",,"SINGLE UNIT TRUCK (2 AXLES, 6 TIRES)              ",,NO INJURY                                         ,,,,MALE                                              ,UNKNOWN                                           ,1.0,,,,2016,3,31,11,3,False,False,Spring
2016-03-30 16:30:00,Wednesday,BROADWAY,,BROADWAY,42.367850499999996,-71.09733450000002,"SIDESWIPE, SAME DIRECTION                         ",COLLISION WITH PEDALCYCLE                         ,CLEAR                                             ,,DAYLIGHT                                          ,DRY                                               ,NO CONTROLS                                       ,,NOT AT INTERSECTION                               ,"TWO-WAY, DIVIDED, UNPROTECTED MEDIAN              ",30 ,PASSENGER CAR                                     ,,NO INJURY                                         ,,,,FEMALE                                            ,FEMALE                                            ,1.0,,,,2016,3,30,16,2,False,True,Spring
2016-03-28 09:00:00,Monday,BROADWAY,,BROADWAY,42.367850499999996,-71.09733450000002,"SIDESWIPE, SAME DIRECTION                         ",COLLISION WITH PEDALCYCLE                         ,RAIN                                              ,CLOUDY                                            ,DAYLIGHT                                          ,WET                                               ,NO CONTROLS                                       ,,NOT AT INTERSECTION                               ,"TWO-WAY, NOT DIVIDED                              ",,PASSENGER CAR                                     ,,NO INJURY                                         ,,,,FEMALE                                            ,MALE                                              ,1.0,,,,2016,3,28,9,0,False,True,Spring
2016-03-14 13:05:00,Monday,HAMPSHIRE STREET,,HAMPSHIRE STREET,42.36983764705883,-71.0960894117647,UNKNOWN                                           ,COLLISION WITH PEDALCYCLE                         ,CLOUDY                                            ,,DAYLIGHT                                          ,DRY                                               ,NO CONTROLS                                       ,,NOT AT INTERSECTION                               ,"TWO-WAY, NOT DIVIDED                              ",,"LIGHT TRUCK(VAN, MINI VAN, PICK-UP, SPORT UTILITY)",,NO INJURY                                         ,NON FATAL INJURY - POSSIBLE                       ,,,MALE                                              ,MALE                                              ,1.0,,,CYCLIST                                           ,2016,3,14,13,0,False,False,Spring
2016-03-07 20:27:00,Monday,HAMPSHIRE STREET,,HAMPSHIRE STREET,42.37271,-71.09916,HEAD ON                                           ,COLLISION WITH PEDALCYCLE                         ,CLEAR                                             ,,DARK - LIGHTED ROADWAY                            ,DRY                                               ,NO CONTROLS                                       ,YES                                               ,NOT AT INTERSECTION                               ,"TWO-WAY, NOT DIVIDED                              ",,PASSENGER CAR                                     ,,NO INJURY                                         ,,,,MALE                                              ,FEMALE                                            ,1.0,,,,2016,3,7,20,0,False,False,Spring
2016-02-29 22:26:00,Monday,ALBANY STREET,,ALBANY STREET,42.35954,-71.09895,"SIDESWIPE, SAME DIRECTION                         ",COLLISION WITH PEDALCYCLE                         ,CLEAR                                             ,,DARK - LIGHTED ROADWAY                            ,DRY                                               ,NO CONTROLS                                       ,,NOT AT INTERSECTION                               ,"TWO-WAY, DIVIDED, UNPROTECTED MEDIAN              ",,PASSENGER CAR                                     ,,,NON FATAL INJURY - INCAPACITATING                 ,,,,MALE                                              ,1.0,,,CYCLIST                                           ,2016,2,29,22,0,False,False,Winter
2016-02-18 09:00:00,Thursday,MASSACHUSETTS AVENUE,VASSAR ST,MASSACHUSETTS AVENUE_AND_VASSAR ST,42.3639655,-71.1035905,ANGLE                                             ,COLLISION WITH PEDALCYCLE                         ,CLEAR                                             ,,DAYLIGHT                                          ,DRY                                               ,TRAFFIC CONTROL SIGNAL                            ,YES                                               ,FOUR WAY INTERSECTION                             ,"TWO-WAY, NOT DIVIDED                              ",,PASSENGER CAR                                     ,,NO INJURY                                         ,,,,MALE                                              ,MALE                                              ,1.0,,,,2016,2,18,9,3,False,True,Winter
2016-02-17 11:30:00,Wednesday,MASSACHUSETTS AVENUE,,MASSACHUSETTS AVENUE,42.3706,-71.11361,"SIDESWIPE, SAME DIRECTION                         ",COLLISION WITH PEDALCYCLE                         ,CLEAR                                             ,,DAYLIGHT                                          ,DRY                                               ,NO CONTROLS                                       ,,NOT AT INTERSECTION                               ,"ONE-WAY, NOT DIVIDED                              ",,"LIGHT TRUCK(VAN, MINI VAN, PICK-UP, SPORT UTILITY)",,NO INJURY                                         ,NON FATAL INJURY - NON INCAPACITATING             ,,,FEMALE                                            ,MALE                                              ,1.0,,,CYCLIST                                           ,2016,2,17,11,2,False,False,Winter
2016-01-31 13:09:00,Sunday,MASSACHUSETTS AVENUE,VASSAR STREET,MASSACHUSETTS AVENUE_AND_VASSAR STREET,42.358598,-71.096431,"SIDESWIPE, SAME DIRECTION                         ",COLLISION WITH PEDALCYCLE                         ,CLEAR                                             ,,DAYLIGHT                                          ,DRY                                               ,TRAFFIC CONTROL SIGNAL                            ,YES                                               ,FOUR WAY INTERSECTION                             ,"TWO-WAY, NOT DIVIDED                              ",,PASSENGER CAR                                     ,,NO INJURY                                         ,NO INJURY                                         ,,,MALE                                              ,MALE                                              ,1.0,,,CYCLIST                                           ,2016,1,31,13,6,True,False,Winter
2016-01-29 12:10:00,Friday,CAMBRIDGE STREET,,CAMBRIDGE STREET,42.37347,-71.09881,UNKNOWN                                           ,COLLISION WITH PEDALCYCLE                         ,CLOUDY                                            ,,DAYLIGHT                                          ,DRY                                               ,NO CONTROLS                                       ,,NOT AT INTERSECTION                               ,"TWO-WAY, NOT DIVIDED                              ",,"LIGHT TRUCK(VAN, MINI VAN, PICK-UP, SPORT UTILITY)","LIGHT TRUCK(VAN, MINI VAN, PICK-UP, SPORT UTILITY)",NO INJURY                                         ,,,,MALE                                              ,UNKNOWN                                           ,1.0,,,,2016,1,29,12,4,False,False,Winter