Date Time,Day of Week,Street Name Cleaned,Cross Street Cleaned,Intersection_ID,Latitude,Longitude,Manner of Collision,First Harmful Event,Weather Condition 1,Weather Condition 2,Ambient Light,Road Surface Condition,Traffic Control Device Type,Traffic Control Device Functionality,Roadway Junction Type,Trafficway Description,Speed Limit,Object 1,Object 2,P1 Injury,P2 Injury,P1 Age,P2 Age,P1 Sex,P2 Sex,May involve cyclist,May Involve Pedestrian,P1 Non Motorist Desc,P2 Non Motorist Desc,Year,Month,Day,Hour,Day_of_Week_Num,Is_Weekend,Is_Rush_Hour,Season
2015-12-24 11:07:00,Thursday,MASSACHUSETTS AVENUE,,MASSACHUSETTS AVENUE,42.39236,-71.12457,"SIDESWIPE, SAME DIRECTION                         ",COLLISION WITH PEDALCYCLE                         ,"SLEET, HAIL, FREEZING RAIN OR DRIZZLE             ",CLOUDY                                            ,DAYLIGHT                                          ,WET                                               ,NO CONTROLS                                       ,,NOT AT INTERSECTION                               ,"TWO-WAY, DIVIDED, POSITIVE MEDIAN BARRIER         ",,PASSENGER CAR                                     ,,NON FATAL INJURY - NON INCAPACITATING             ,NO INJURY                                         ,,,FEMALE                                            ,MALE                                              ,1.0,,CYCLIST                                           ,,2015,12,24,11,3,False,False,Winter
2015-12-23 08:30:00,Wednesday,PROSPECT STREET,,PROSPECT STREET,42.37262,-71.09902,"SIDESWIPE, SAME DIRECTION                         ",COLLISION WITH PEDALCYCLE                         ,RAIN                                              ,CLOUDY                                            ,DAYLIGHT                                          ,WET                                               ,NO CONTROLS                                       ,YES                                               ,NOT AT INTERSECTION                               ,"TWO-WAY, NOT DIVIDED                              ",,PASSENGER CAR                                     ,,NO INJURY                                         ,NON FATAL INJURY - NON INCAPACITATING             ,,33.0,FEMALE                                            ,MALE                                              ,1.0,,,CYCLIST                                           ,2015,12,23,8,2,False,True,Winter
2015-12-17 20:26:00,Thursday,MASS AVENUE,,MASS AVENUE,42.36364,-71.10072,ANGLE                                             ,COLLISION WITH PEDALCYCLE                         ,RAIN                                              ,CLOUDY                                            ,DARK - LIGHTED ROADWAY                            ,WET                                               ,NO CONTROLS                                       ,,,"TWO-WAY, NOT DIVIDED                              ",,PASSENGER CAR                                     ,,,,,,MALE                                              ,,1.0,,,,2015,12,17,20,3,False,False,Winter
2015-12-10 20:30:00,Thursday,MASSACHUSETTS AVENUE,,MASSACHUSETTS AVENUE,42.39788,-71.13077,"SIDESWIPE, SAME DIRECTION                         ",COLLISION WITH PEDALCYCLE                         ,CLEAR                                             ,,DARK - LIGHTED ROADWAY                            ,DRY                                               ,NO CONTROLS                                       ,,NOT AT INTERSECTION                               ,"TWO-WAY, DIVIDED, POSITIVE MEDIAN BARRIER         ",,PASSENGER CAR                                     ,,NO INJURY                                         ,,,,FEMALE                                            ,MALE                                              ,1.0,,,,2015,12,10,20,3,False,False,Winter
2015-11-24 15:40:00,Tuesday,MASSACHUSETTS AVENUE,COGSWELL AVE,COGSWELL AVE_AND_MASSACHUSETTS AVENUE,42.369333,-71.11075,ANGLE                                             ,COLLISION WITH PEDALCYCLE                         ,CLEAR                                             ,,DAYLIGHT                                          ,DRY                                               ,STOP SIGNS                                        ,YES                                               ,T-INTERSECTION                                    ,"TWO-WAY, DIVIDED, POSITIVE MEDIAN BARRIER         ",,PASSENGER CAR                                     ,,NO INJURY                                         ,NON FATAL INJURY - NON INCAPACITATING             ,,,MALE                                              ,FEMALE                                            ,1.0,,,CYCLIST                                           ,2015,11,24,15,1,False,False,Fall
2015-11-23 21:15:00,Monday,CAMBRIDGE STREET,,CAMBRIDGE STREET,42.37230041666667,-71.08960208333333,"SIDESWIPE, SAME DIRECTION                         ",COLLISION WITH PEDALCYCLE                         ,CLEAR                                             ,,DARK - LIGHTED ROADWAY                            ,DRY                                               ,NO CONTROLS                                       ,,NOT AT INTERSECTION                               ,"TWO-WAY, DIVIDED, UNPROTECTED MEDIAN              ",30 ,"LIGHT TRUCK(VAN, MINI VAN, PICK-UP, SPORT UTILITY)",,NO INJURY                                         ,,,,MALE                                              ,FEMALE                                            ,1.0,,,,2015,11,23,21,0,False,False,Fall
2015-11-20 16:22:00,Friday,MASSACHUSETTS AVENUE,,MASSACHUSETTS AVENUE,42.36417,-71.10165,"SIDESWIPE, SAME DIRECTION                         ",COLLISION WITH PEDALCYCLE                         ,CLEAR                                             ,CLEAR                                             ,DAYLIGHT                                          ,DRY                                               ,NO CONTROLS                                       ,YES                                               ,NOT AT INTERSECTION                               ,,5  ,PASSENGER CAR                                     ,,,,,,FEMALE                                            ,FEMALE                                            ,1.0,,,,2015,11,20,16,4,False,True,Fall
2015-11-16 13:15:00,Monday,BRATTLE STREET,,BRATTLE STREET,42.37631,-71.12598,UNKNOWN                                           ,COLLISION WITH PEDALCYCLE                         ,UNKNOWN                                           ,,DAYLIGHT                                          ,UNKNOWN                                           ,NO CONTROLS                                       ,,NOT AT INTERSECTION                               ,,,PASSENGER CAR                                     ,PASSENGER CAR                                     ,,,,,MALE                                              ,FEMALE                                            ,1.0,,,,2015,11,16,13,0,False,False,Fall
2015-11-02 11:16:00,Monday,BROADWAY,,BROADWAY,42.37249,-71.10903,"SIDESWIPE, SAME DIRECTION                         ",COLLISION WITH PEDALCYCLE                         ,CLEAR                                             ,,DAYLIGHT                                          ,DRY                                               ,NO CONTROLS                                       ,,NOT AT INTERSECTION                               ,"TWO-WAY, NOT DIVIDED                              ",30 ,"LIGHT TRUCK(VAN, MINI VAN, PICK-UP, SPORT UTILITY)",,NO INJURY                                         ,NON FATAL INJURY - NON INCAPACITATING             ,,,FEMALE                                            ,MALE                                              ,1.0,,,CYCLIST                                           ,2015,11,2,11,0,False,False,Fall
2015-10-30 09:22:00,Friday,MASSACHUSETTS AVENUE,AMHEREST STREET,AMHEREST STREET_AND_MASSACHUSETTS AVENUE,42.369333,-71.11075,REAR-END                                          ,COLLISION WITH PEDALCYCLE                         ,CLEAR                                             ,,DAYLIGHT                                          ,DRY                                               ,TRAFFIC CONTROL SIGNAL                            ,YES                                               ,FOUR WAY INTERSECTION                             ,"TWO-WAY, DIVIDED, UNPROTECTED MEDIAN              ",30 ,"LIGHT TRUCK(VAN, MINI VAN, PICK-UP, SPORT UTILITY)",,,,,,MALE                                              ,,1.0,,,,2015,10,30,9,4,False,True,Fall
2015-10-26 12:02:00,Monday,MASSACHUSETTS AVENUE,CAMERON AVE,CAMERON AVE_AND_MASSACHUSETTS AVENUE,42.369333,-71.11075,ANGLE                                             ,COLLISION WITH PEDALCYCLE                         ,CLEAR                                             ,,DAYLIGHT                                          ,DRY                                               ,TRAFFIC CONTROL SIGNAL                            ,YES                                               ,FOUR WAY INTERSECTION                             ,"TWO-WAY, DIVIDED, POSITIVE MEDIAN BARRIER         ",,PASSENGER CAR                                     ,,NO INJURY                                         ,NON FATAL INJURY - NON INCAPACITATING             ,,,FEMALE                                            ,MALE                                              ,1.0,,,CYCLIST                                           ,2015,10,26,12,0,False,False,Fall
2015-10-24 11:53:00,Saturday,BRATTLE STREET,,BRATTLE STREET,42.37381,-71.12136,"SIDESWIPE, SAME DIRECTION                         ",COLLISION WITH PEDALCYCLE                         ,CLOUDY                                            ,CLOUDY                                            ,DAYLIGHT                                          ,DRY                                               ,NO CONTROLS                                       ,NO                                                ,NOT AT INTERSECTION                               ,"ONE-WAY, NOT DIVIDED                              ",,"LIGHT TRUCK(VAN, MINI VAN, PICK-UP, SPORT UTILITY)",,NON FATAL INJURY - NON INCAPACITATING             ,,,,MALE                                              ,MALE                                              ,1.0,,,,2015,10,24,11,5,True,False,Fall
2015-10-13 15:37:00,Tuesday,MASSACHUSETTS AVENUE,,MASSACHUSETTS AVENUE,42.37379,-71.11887,"SIDESWIPE, SAME DIRECTION                         ",COLLISION WITH PEDALCYCLE                         ,CLEAR                                             ,CLEAR                                             ,DAYLIGHT                                          ,DRY                                               ,NO CONTROLS                                       ,,NOT AT INTERSECTION                               ,"TWO-WAY, DIVIDED, UNPROTECTED MEDIAN              ",30 ,"LIGHT TRUCK(VAN, MINI VAN, PICK-UP, SPORT UTILITY)",,,,,,FEMALE                                            ,FEMALE                                            ,1.0,,,,2015,10,13,15,1,False,False,Fall
2015-10-01 07:40:00,Thursday,CONCORD,,CONCORD,42.39064,-71.15211,,COLLISION WITH PEDALCYCLE                         ,CLOUDY                                            ,,DAYLIGHT                                          ,DRY                                               ,NO CONTROLS                                       ,,,"TWO-WAY, NOT DIVIDED                              ",,"LIGHT TRUCK(VAN, MINI VAN, PICK-UP, SPORT UTILITY)",,NO INJURY                                         ,NON FATAL INJURY - POSSIBLE                       ,,,MALE                                              ,FEMALE                                            ,1.0,,,CYCLIST                                           ,2015,10,1,7,3,False,True,Fall
2015-09-29 14:00:00,Tuesday,OXFORD STREET,WENDELL STREET,OXFORD STREET_AND_WENDELL STREET,42.38136,-71.11605,ANGLE                                             ,COLLISION WITH PEDALCYCLE                         ,CLOUDY                                            ,,DAYLIGHT                                          ,DRY                                               ,NO CONTROLS                                       ,,FOUR WAY INTERSECTION                             ,"TWO-WAY, NOT DIVIDED                              ",,PASSENGER CAR                                     ,,NO INJURY                                         ,,,,FEMALE                                            ,MALE                                              ,1.0,,,,2015,9,29,14,1,False,False,Fall
2015-09-29 07:40:00,Tuesday,WEBSTER AVE,,WEBSTER AVE,42.37395,-71.09464,"SIDESWIPE, SAME DIRECTION                         ",COLLISION WITH PEDALCYCLE                         ,CLOUDY                                            ,,DAYLIGHT                                          ,DRY                                               ,NO CONTROLS                                       ,,NOT AT INTERSECTION                               ,"TWO-WAY, NOT DIVIDED                              ",,,,NON FATAL INJURY - POSSIBLE                       ,,,,MALE                                              ,FEMALE                                            ,1.0,,CYCLIST                                           ,,2015,9,29,7,1,False,True,Fall
2015-09-21 11:46:00,Monday,MASSACHUSETTS AVENUE,,MASSACHUSETTS AVENUE,42.36423,-71.10176,"SIDESWIPE, SAME DIRECTION                         ",COLLISION WITH PEDALCYCLE                         ,CLEAR                                             ,,DAYLIGHT                                          ,DRY                                               ,NO CONTROLS                                       ,,NOT AT INTERSECTION                               ,"TWO-WAY, NOT DIVIDED                              ",30 ,"LIGHT TRUCK(VAN, MINI VAN, PICK-UP, SPORT UTILITY)",,,NON FATAL INJURY - POSSIBLE                       ,,,MALE                                              ,MALE                                              ,1.0,,,CYCLIST                                           ,2015,9,21,11,0,False,False,Fall
2015-09-17 12:22:00,Thursday,MASSACHUSETTS AVENUE,,MASSACHUSETTS AVENUE,42.35864,-71.0933,"SIDESWIPE, SAME DIRECTION                         ",COLLISION WITH PEDALCYCLE                         ,CLEAR                                             ,CLEAR                                             ,DAYLIGHT                                          ,DRY                                               ,TRAFFIC CONTROL SIGNAL                            ,YES                                               ,NOT AT INTERSECTION                               ,,,PASSENGER CAR                                     ,,NO INJURY                                         ,NO INJURY                                         ,,,MALE                                              ,MALE                                              ,1.0,,,,2015,9,17,12,3,False,False,Fall
2015-09-04 19:05:00,Friday,PROSPECT ST. (ON HAMPSHIRE ST),,PROSPECT ST. (ON HAMPSHIRE ST),42.3743,-71.10152,ANGLE                                             ,COLLISION WITH PEDALCYCLE                         ,CLEAR                                             ,,DAYLIGHT                                          ,DRY                                               ,NO CONTROLS                                       ,,DRIVEWAY                                          ,"TWO-WAY, DIVIDED, UNPROTECTED MEDIAN              ",,PASSENGER CAR                                     ,,NO INJURY                                         ,NON FATAL INJURY - NON INCAPACITATING             ,,,MALE                                              ,FEMALE                                            ,1.0,,,CYCLIST                                           ,2015,9,4,19,4,False,False,Fall
2015-09-04 16:32:00,Friday,CEDAR STREET,MASSACHUSETTS AVENUE,CEDAR STREET_AND_MASSACHUSETTS AVENUE,42.369333,-71.11075,SINGLE VEHICLE CRASH                              ,COLLISION WITH PEDALCYCLE                         ,CLEAR                                             ,,DAYLIGHT                                          ,DRY                                               ,TRAFFIC CONTROL SIGNAL                            ,YES                                               ,T-INTERSECTION                                    ,"TWO-WAY, DIVIDED, UNPROTECTED MEDIAN              ",,BUS SEATS 7 - 15 PEOPLE                           ,,NO INJURY                                         ,,34.0,,MALE                                              ,,1.0,,,,2015,9,4,16,4,False,True,Fall
2015-08-16 12:05:00,Sunday,MASSACHUSETTS AVENUE,,MASSACHUSETTS AVENUE,42.37544081818183,-71.11253827272726,"SIDESWIPE, SAME DIRECTION                         ",COLLISION WITH PEDALCYCLE                         ,CLEAR                                             ,,DAYLIGHT                                          ,DRY                                               ,NO CONTROLS                                       ,YES                                               ,NOT AT INTERSECTION                               ,"TWO-WAY, DIVIDED, UNPROTECTED MEDIAN              ",,PASSENGER CAR                                     ,,NO INJURY                                         ,NON FATAL INJURY - NON INCAPACITATING             ,,,FEMALE                                            ,FEMALE                                            ,1.0,,,CYCLIST                                           ,2015,8,16,12,6,True,False,Summer
2015-08-15 17:32:00,Saturday,MASSACHUSETTS AVENUE,,MASSACHUSETTS AVENUE,42.38277,-71.1196,"SIDESWIPE, SAME DIRECTION                         ",COLLISION WITH PEDALCYCLE                         ,CLOUDY                                            ,,DAYLIGHT                                          ,DRY                                               ,NO CONTROLS                                       ,,NOT AT INTERSECTION                               ,"TWO-WAY, DIVIDED, POSITIVE MEDIAN BARRIER         ",,PASSENGER CAR                                     ,,NO INJURY                                         ,,,,MALE                                              ,FEMALE                                            ,1.0,,,CYCLIST                                           ,2015,8,15,17,5,True,True,Summer
2015-08-03 11:32:00,Monday,MASSACHUSETTS AVENUE,STATE STREET,MASSACHUSETTS AVENUE_AND_STATE STREET,42.369333,-71.11075,ANGLE                                             ,COLLISION WITH PEDALCYCLE                         ,CLEAR                                             ,,DAYLIGHT                                          ,DRY                                               ,NO CONTROLS                                       ,,T-INTERSECTION                                    ,"TWO-WAY, DIVIDED, UNPROTECTED MEDIAN              ",,"LIGHT TRUCK(VAN, MINI VAN, PICK-UP, SPORT UTILITY)",,NO INJURY                                         ,NO INJURY                                         ,,,MALE                                              ,MALE                                              ,1.0,,,CYCLIST                                           ,2015,8,3,11,0,False,False,Summer
2015-07-30 09:00:00,Thursday,VASSAR ST,,VASSAR ST,42.36126,-71.09257,UNKNOWN                                           ,COLLISION WITH PEDALCYCLE                         ,CLEAR                                             ,,DAYLIGHT                                          ,DRY                                               ,NO CONTROLS                                       ,,NOT AT INTERSECTION                               ,"TWO-WAY, NOT DIVIDED                              ",,PASSENGER CAR                                     ,,NO INJURY                                         ,NON FATAL INJURY - POSSIBLE                       ,,,MALE                                              ,MALE                                              ,1.0,1.0,,CYCLIST                                           ,2015,7,30,9,3,False,True,Summer
2015-07-29 11:30:00,Wednesday,BROADWAY,,BROADWAY,42.367850499999996,-71.09733450000002,ANGLE                                             ,COLLISION WITH PEDALCYCLE                         ,CLEAR                                             ,,DAYLIGHT                                          ,DRY                                               ,NO CONTROLS                                       ,,NOT AT INTERSECTION                               ,"TWO-WAY, NOT DIVIDED                              ",,OTHER                                             ,,NO INJURY                                         ,,,,MALE                                              ,UNKNOWN                                           ,1.0,,,,2015,7,29,11,2,False,False,Summer
2015-07-25 08:01:00,Saturday,AMHERST STREET,,AMHERST STREET,42.36015,-71.08714,UNKNOWN                                           ,COLLISION WITH PEDALCYCLE                         ,CLEAR                                             ,CLEAR                                             ,DAYLIGHT                                          ,UNKNOWN                                           ,NO CONTROLS                                       ,,NOT AT INTERSECTION                               ,"TWO-WAY, DIVIDED, UNPROTECTED MEDIAN              ",,PASSENGER CAR                                     ,,UNKNOWN                                           ,NON FATAL INJURY - POSSIBLE                       ,,,FEMALE                                            ,MALE                                              ,1.0,,,CYCLIST                                           ,2015,7,25,8,5,True,True,Summer
2015-07-15 17:46:00,Wednesday,HAMPSHIRE STREET,,HAMPSHIRE STREET,42.37333,-71.10035,ANGLE                                             ,COLLISION WITH PEDALCYCLE                         ,CLOUDY                                            ,RAIN                                              ,DUSK                                              ,WET                                               ,NO CONTROLS                                       ,,NOT AT INTERSECTION                               ,"TWO-WAY, DIVIDED, UNPROTECTED MEDIAN              ",30 ,PASSENGER CAR                                     ,,NO INJURY                                         ,,,,FEMALE                                            ,FEMALE                                            ,1.0,,,CYCLIST                                           ,2015,7,15,17,2,False,True,Summer
2015-07-07 14:30:00,Tuesday,BROADWAY,,BROADWAY,42.37374,-71.11219,ANGLE                                             ,COLLISION WITH PEDALCYCLE                         ,CLOUDY                                            ,RAIN                                              ,DAYLIGHT                                          ,WET                                               ,NO CONTROLS                                       ,,,"TWO-WAY, NOT DIVIDED                              ",,"LIGHT TRUCK(VAN, MINI VAN, PICK-UP, SPORT UTILITY)",,,,,,FEMALE                                            ,,1.0,,,,2015,7,7,14,1,False,False,Summer
2015-06-19 19:00:00,Friday,MASSACHUSETTS AVENUE,,MASSACHUSETTS AVENUE,42.37544081818183,-71.11253827272726,"SIDESWIPE, SAME DIRECTION                         ",COLLISION WITH PEDALCYCLE                         ,UNKNOWN                                           ,,DUSK                                              ,DRY                                               ,NO CONTROLS                                       ,,NOT AT INTERSECTION                               ,"TWO-WAY, NOT DIVIDED                              ",,"LIGHT TRUCK(VAN, MINI VAN, PICK-UP, SPORT UTILITY)",,,NON FATAL INJURY - POSSIBLE                       ,,,FEMALE                                            ,MALE                                              ,1.0,,,CYCLIST                                           ,2015,6,19,19,4,False,False,Summer
2015-06-18 08:10:00,Thursday,COLUMBIA ST,,COLUMBIA ST,42.3716,-71.09521,SINGLE VEHICLE CRASH                              ,COLLISION WITH PEDALCYCLE                         ,CLEAR                                             ,CLEAR                                             ,DAYLIGHT                                          ,DRY                                               ,NO CONTROLS                                       ,,NOT AT INTERSECTION                               ,"TWO-WAY, DIVIDED, UNPROTECTED MEDIAN              ",,"LIGHT TRUCK(VAN, MINI VAN, PICK-UP, SPORT UTILITY)",,,NON FATAL INJURY - NON INCAPACITATING             ,,,FEMALE                                            ,FEMALE                                            ,1.0,,,CYCLIST                                           ,2015,6,18,8,3,False,True,Summer
2015-06-06 23:39:00,Saturday,VASSAR ST,,VASSAR ST,42.35565,-71.10446,ANGLE                                             ,COLLISION WITH PEDALCYCLE                         ,CLEAR                                             ,,DARK - LIGHTED ROADWAY                            ,DRY                                               ,NO CONTROLS                                       ,,,"TWO-WAY, DIVIDED, UNPROTECTED MEDIAN              ",,"LIGHT TRUCK(VAN, MINI VAN, PICK-UP, SPORT UTILITY)",,,,,,MALE                                              ,FEMALE                                            ,1.0,,,,2015,6,6,23,5,True,False,Summer
2015-05-20 19:52:00,Wednesday,MASSACHUSETTS AVENUE,,MASSACHUSETTS AVENUE,42.36318,-71.10103,"SIDESWIPE, SAME DIRECTION                         ",COLLISION WITH PEDALCYCLE                         ,CLEAR                                             ,,DAYLIGHT                                          ,DRY                                               ,NO CONTROLS                                       ,,,"TWO-WAY, NOT DIVIDED                              ",,PASSENGER CAR                                     ,,,,,,FEMALE                                            ,MALE                                              ,1.0,,,CYCLIST                                           ,2015,5,20,19,2,False,False,Spring
2015-05-19 09:25:00,Tuesday,HAMPSHIRE STREET,,HAMPSHIRE STREET,42.36983764705883,-71.0960894117647,"SIDESWIPE, SAME DIRECTION                         ",COLLISION WITH PEDALCYCLE                         ,CLOUDY                                            ,RAIN                                              ,DAYLIGHT                                          ,WET                                               ,NO CONTROLS                                       ,,NOT AT INTERSECTION                               ,"TWO-WAY, DIVIDED, UNPROTECTED MEDIAN              ",,PASSENGER CAR                                     ,,,NON FATAL INJURY - NON INCAPACITATING             ,,,MALE                                              ,FEMALE                                            ,1.0,,,CYCLIST                                           ,2015,5,19,9,1,False,True,Spring
2015-05-09 14:50:00,Saturday,MASSACHUSETTS AVENUE,,MASSACHUSETTS AVENUE,42.37133,-71.11412,SINGLE VEHICLE CRASH                              ,COLLISION WITH PEDALCYCLE                         ,CLEAR                                             ,,DAYLIGHT                                          ,DRY                                               ,NO CONTROLS                                       ,,NOT AT INTERSECTION                               ,"ONE-WAY, NOT DIVIDED                              ",,PASSENGER CAR                                     ,,NO INJURY                                         ,NO INJURY                                         ,,,MALE                                              ,FEMALE                                            ,1.0,,,,2015,5,9,14,5,True,False,Spring
2015-05-08 12:48:00,Friday,MASSACHUSETTS AVENUE,,MASSACHUSETTS AVENUE,42.37544081818183,-71.11253827272726,"SIDESWIPE, SAME DIRECTION                         ",COLLISION WITH PEDALCYCLE                         ,CLEAR                                             ,CLEAR                                             ,DAYLIGHT                                          ,DRY                                               ,NO CONTROLS                                       ,,NOT AT INTERSECTION                               ,"TWO-WAY, NOT DIVIDED                              ",30 ,"LIGHT TRUCK(VAN, MINI VAN, PICK-UP, SPORT UTILITY)",,NO INJURY                                         ,NON FATAL INJURY - NON INCAPACITATING             ,,,MALE                                              ,MALE                                              ,1.0,,,CYCLIST                                           ,2015,5,8,12,4,False,False,Spring
2015-05-07 20:45:00,Thursday,MASSACHUSETTS AVENUE,SIDNEY ST,MASSACHUSETTS AVENUE_AND_SIDNEY ST,42.369333,-71.11075,ANGLE                                             ,COLLISION WITH PEDALCYCLE                         ,CLEAR                                             ,,DAYLIGHT                                          ,DRY                                               ,TRAFFIC CONTROL SIGNAL                            ,YES                                               ,FOUR WAY INTERSECTION                             ,"TWO-WAY, NOT DIVIDED                              ",30 ,PASSENGER CAR                                     ,,NO INJURY                                         ,NO INJURY                                         ,,,MALE                                              ,MALE                                              ,1.0,,,CYCLIST                                           ,2015,5,7,20,3,False,False,Spring
2015-04-25 16:40:00,Saturday,MASSACHUSETTS AVENUE,,MASSACHUSETTS AVENUE,42.37544081818183,-71.11253827272726,"SIDESWIPE, SAME DIRECTION                         ",COLLISION WITH PEDALCYCLE                         ,CLEAR                                             ,CLEAR                                             ,DAYLIGHT                                          ,DRY                                               ,NO CONTROLS                                       ,,NOT AT INTERSECTION                               ,"TWO-WAY, DIVIDED, POSITIVE MEDIAN BARRIER         ",30 ,PASSENGER CAR                                     ,,,NO INJURY                                         ,,,MALE                                              ,MALE                                              ,1.0,,CYCLIST                                           ,,2015,4,25,16,5,True,True,Spring
2015-04-17 23:26:00,Friday,MASSACHUSETTS AVENUE,ALBANY STREET,ALBANY STREET_AND_MASSACHUSETTS AVENUE,42.369333,-71.11075,ANGLE                                             ,COLLISION WITH PEDALCYCLE                         ,CLEAR                                             ,CLEAR                                             ,DARK - LIGHTED ROADWAY                            ,DRY                                               ,TRAFFIC CONTROL SIGNAL                            ,YES                                               ,FOUR WAY INTERSECTION                             ,"TWO-WAY, NOT DIVIDED                              ",30 ,PASSENGER CAR                                     ,,NO INJURY                                         ,NON FATAL INJURY - POSSIBLE                       ,,,FEMALE                                            ,MALE                                              ,1.0,,,CYCLIST                                           ,2015,4,17,23,4,False,False,Spring
2015-04-08 18:48:00,Wednesday,MASSACHUSETTS AVENUE,GLADSTONE ST,GLADSTONE ST_AND_MASSACHUSETTS AVENUE,42.369333,-71.11075,ANGLE                                             ,COLLISION WITH PEDALCYCLE                         ,RAIN                                              ,CLOUDY                                            ,DAYLIGHT                                          ,WET                                               ,NO CONTROLS                                       ,,FOUR WAY INTERSECTION                             ,"TWO-WAY, DIVIDED, POSITIVE MEDIAN BARRIER         ",,PASSENGER CAR                                     ,,,,,,FEMALE                                            ,MALE                                              ,1.0,,,CYCLIST                                           ,2015,4,8,18,2,False,True,Spring
2015-04-08 09:48:00,Wednesday,BROADWAY,,BROADWAY,42.36956,-71.10163,"SIDESWIPE, SAME DIRECTION                         ",COLLISION WITH PEDALCYCLE                         ,CLEAR                                             ,,DAYLIGHT                                          ,DRY                                               ,NO CONTROLS                                       ,,NOT AT INTERSECTION                               ,"TWO-WAY, NOT DIVIDED                              ",,PASSENGER CAR                                     ,,NO INJURY                                         ,,,,MALE                                              ,FEMALE                                            ,1.0,,,CYCLIST                                           ,2015,4,8,9,2,False,True,Spring
2015-03-26 13:16:00,Thursday,MT AUBURN ST (OPP),,MT AUBURN ST (OPP),42.37484,-71.12995,"SIDESWIPE, SAME DIRECTION                         ",COLLISION WITH PEDALCYCLE                         ,UNKNOWN                                           ,,DAYLIGHT                                          ,UNKNOWN                                           ,NO CONTROLS                                       ,,NOT AT INTERSECTION                               ,"TWO-WAY, NOT DIVIDED                              ",,,,NON FATAL INJURY - POSSIBLE                       ,,,,MALE                                              ,,1.0,,CYCLIST                                           ,,2015,3,26,13,3,False,False,Spring
2015-03-21 00:20:00,Saturday,OXFORD STREET,FOREST ST,FOREST ST_AND_OXFORD STREET,42.38136,-71.11605,ANGLE                                             ,COLLISION WITH PEDALCYCLE                         ,SNOW                                              ,,DARK - LIGHTED ROADWAY                            ,SNOW                                              ,TRAFFIC CONTROL SIGNAL                            ,YES                                               ,FOUR WAY INTERSECTION                             ,"TWO-WAY, DIVIDED, UNPROTECTED MEDIAN              ",30 ,PASSENGER CAR                                     ,,NO INJURY                                         ,NO INJURY                                         ,,,MALE                                              ,MALE                                              ,1.0,,,,2015,3,21,0,5,True,False,Spring
2015-03-19 10:54:00,Thursday,BROADWAY,,BROADWAY,42.367850499999996,-71.09733450000002,ANGLE                                             ,COLLISION WITH PEDALCYCLE                         ,CLEAR                                             ,,DAYLIGHT                                          ,DRY                                               ,NO CONTROLS                                       ,,NOT AT INTERSECTION                               ,"TWO-WAY, DIVIDED, POSITIVE MEDIAN BARRIER         ",,PASSENGER CAR                                     ,,NON FATAL INJURY - POSSIBLE                       ,NO INJURY                                         ,,,FEMALE                                            ,FEMALE                                            ,1.0,1.0,CYCLIST                                           ,,2015,3,19,10,3,False,False,Spring
2015-03-11 13:39:00,Wednesday,PUTNAM AVE,,PUTNAM AVE,42.3609,-71.11333,UNKNOWN                                           ,COLLISION WITH PEDALCYCLE                         ,CLEAR                                             ,,DAYLIGHT                                          ,DRY                                               ,NO CONTROLS                                       ,,NOT AT INTERSECTION                               ,"TWO-WAY, NOT DIVIDED                              ",,SINGLE UNIT TRUCK (3 0R MORE AXLES)               ,,NO INJURY                                         ,,,,MALE                                              ,UNKNOWN                                           ,1.0,,,,2015,3,11,13,2,False,False,Spring
2015-01-05 09:17:00,Monday,COLUMBIA ST,,COLUMBIA ST,42.37249,-71.09474,ANGLE                                             ,COLLISION WITH PEDALCYCLE                         ,CLOUDY                                            ,,DAYLIGHT                                          ,DRY                                               ,NO CONTROLS                                       ,,NOT AT INTERSECTION                               ,"TWO-WAY, NOT DIVIDED                              ",,"LIGHT TRUCK(VAN, MINI VAN, PICK-UP, SPORT UTILITY)",,NO INJURY                                         ,,,,MALE                                              ,FEMALE                                            ,1.0,,,,2015,1,5,9,0,False,True,Winter